mp_code,mp_formal_name,mp_fr_description,ntp_code,ntp_formal_name,ntp_fr_description,tm_code,tm_formal_name,tm_fr_description
"02373807","H.E.L.P. ACETATE BUFFER PH 4.85 (acetic acid 6.82 g per l and sodium acetate 27.22 g per l solution for haemodialysis) B. BRAUN AVITUM AG","H.E.L.P. ACETATE BUFFER PH 4.85 (acide acétique 6,82 g par l et acétate de sodium 27,22 g par l solution pour hémodialyse) B. BRAUN AVITUM AG","9005000","acetic acid 6.82 g per l and sodium acetate 27.22 g per l solution for haemodialysis","acide acétique 6,82 g par l et acétate de sodium 27,22 g par l solution pour hémodialyse","8002088","acetic acid and sodium acetate","acide acétique et acétate de sodium"
"02248224","MANORAPID SYNERGY (alcohol anhydrous 54.1 % and butanediol 5.7 % and propyl alcohol 10 % and propylene glycol 5.9 % cutaneous solution) REMINGTON MEDICAL EQUIPMENT LTD.","MANORAPID SYNERGY (alcool anhydre 54,1 % et butanédiol 5,7 % et alcool propylique 10 % et propylène glycol 5,9 % solution pour application cutanée) REMINGTON MEDICAL EQUIPMENT LTD.","9003863","alcohol anhydrous 54.1 % and butanediol 5.7 % and propyl alcohol 10 % and propylene glycol 5.9 % cutaneous solution","alcool anhydre 54,1 % et butanédiol 5,7 % et alcool propylique 10 % et propylène glycol 5,9 % solution pour application cutanée","8000940","alcohol anhydrous and butanediol and propyl alcohol and propylene glycol","alcool anhydre et butanédiol et alcool propylique et propylène glycol"
"02246888","AVAGARD CHG (alcohol anhydrous 61 % and chlorhexidine gluconate 1 % lotion) 3M CANADA COMPANY","AVAGARD CHG (alcool anhydre 61 % et gluconate de chlorhexidine 1 % lotion) 3M CANADA COMPANY","9003810","alcohol anhydrous 61 % and chlorhexidine gluconate 1 % lotion","alcool anhydre 61 % et gluconate de chlorhexidine 1 % lotion","8000912","alcohol anhydrous and chlorhexidine","alcool anhydre et chlorhexidine"
"02204606","PROLASTIN-C (alpha1-proteinase inhibitor human 1000 mg per vial powder for solution for injection with diluent solution) GRIFOLS THERAPEUTICS LLC","PROLASTIN-C (inhibiteur de l'alpha1-protéinase humain 1000 mg par fiole poudre pour solution injectable avec solution diluante) GRIFOLS THERAPEUTICS LLC","bc919ac67d0bd99406ffc3f5ad273b2a","alpha1-proteinase inhibitor human 1000 mg per vial powder for solution for injection with diluent solution","inhibiteur de l'alpha1-protéinase humain 1000 mg par fiole poudre pour solution injectable avec solution diluante","356f77a4cccc3cc151b5ab736bb3d883","alpha1-proteinase inhibitor human","inhibiteur de l'alpha1-protéinase humaine"
"02231590","ABELCET (amphotericin B 100 mg per 20 mL suspension for injection vial) LEADIANT BIOSCIENCES, INC","ABELCET (amphotéricine B 100 mg par 20 mL suspension injectable fiole) LEADIANT BIOSCIENCES, INC","9013759","amphotericin B 100 mg per 20 mL suspension for injection vial","amphotéricine B 100 mg par 20 mL suspension injectable fiole","8002215","amphotericin B","amphotéricine B"
"00029149","FUNGIZONE (amphotericin B 50 mg per vial powder for solution for injection) CHEPLAPHARM ARZNEIMITTEL GMBH","FUNGIZONE (amphotéricine B 50 mg par fiole poudre pour solution injectable) CHEPLAPHARM ARZNEIMITTEL GMBH","9013760","amphotericin B 50 mg per vial powder for solution for injection","amphotéricine B 50 mg par fiole poudre pour solution injectable","8002215","amphotericin B","amphotéricine B"
"02241630","AMBISOME (amphotericin B 50 mg per vial powder for solution for injection) ASTELLAS PHARMA CANADA INC","AMBISOME (amphotéricine B 50 mg par fiole poudre pour solution injectable) ASTELLAS PHARMA CANADA INC","9013760","amphotericin B 50 mg per vial powder for solution for injection","amphotéricine B 50 mg par fiole poudre pour solution injectable","8002215","amphotericin B","amphotéricine B"
"02237815","ERWINASE (asparaginase 10000 unit per vial powder for solution for injection) JAZZ PHARMACEUTICALS FRANCE SAS","ERWINASE (asparaginase 10000 unité par fiole poudre pour solution injectable) JAZZ PHARMACEUTICALS FRANCE SAS","9012369","asparaginase 10000 unit per vial powder for solution for injection","asparaginase 10000 unité par fiole poudre pour solution injectable","8001098","asparaginase","asparaginase"
"02526662","TAVNEOS (avacopan 10 mg oral capsule) VIFOR FRESENIUS MEDICAL CARE RENAL PHARMA LTD","TAVNEOS (avacopan 10 mg capsule orale) VIFOR FRESENIUS MEDICAL CARE RENAL PHARMA LTD","75e6c1ae1b6e636b8bf2f875c7ebb119","avacopan 10 mg oral capsule","avacopan 10 mg capsule orale","463557da6a4add9e95e1005770de122e","avacopan","avacopan"
"02246427","KEYSTONE FOAM HAND SANITIZER (benzalkonium chloride 0.1 % cutaneous liquid) ECOLAB CO","KEYSTONE FOAM HAND SANITIZER (chlorure de benzalkonium 0,1 % liquide cutané) ECOLAB CO","9001867","benzalkonium chloride 0.1 % cutaneous liquid","chlorure de benzalkonium 0,1 % liquide cutané","8000796","benzalkonium","benzalkonium"
"02242842","DIGISAN E FOAM HAND SANITIZER (benzalkonium chloride 0.1 % cutaneous liquid) ECOLAB CO","DIGISAN E FOAM HAND SANITIZER (chlorure de benzalkonium 0,1 % liquide cutané) ECOLAB CO","9001867","benzalkonium chloride 0.1 % cutaneous liquid","chlorure de benzalkonium 0,1 % liquide cutané","8000796","benzalkonium","benzalkonium"
"02513226","SANI HANDS FOAM (benzalkonium chloride 0.1 % cutaneous solution) OSTREM CHEMICAL CO LTD.","SANI HANDS FOAM (chlorure de benzalkonium 0,1 % solution pour application cutanée) OSTREM CHEMICAL CO LTD.","9004469","benzalkonium chloride 0.1 % cutaneous solution","chlorure de benzalkonium 0,1 % solution pour application cutanée","8000796","benzalkonium","benzalkonium"
"02514729","ANTIBACTERIAL FOAMING SKIN CLEANSER (benzalkonium chloride 0.1 % cutaneous solution) DOLLARAMA L.P.","ANTIBACTERIAL FOAMING SKIN CLEANSER (chlorure de benzalkonium 0,1 % solution pour application cutanée) DOLLARAMA L.P.","9004469","benzalkonium chloride 0.1 % cutaneous solution","chlorure de benzalkonium 0,1 % solution pour application cutanée","8000796","benzalkonium","benzalkonium"
"02501341","SUNSHINE HAND SANITIZER (benzalkonium chloride 0.1 % cutaneous solution) 2235721 ALBERTA LTD. / SUNSHINE ENVIRONMENTAL","SUNSHINE HAND SANITIZER (chlorure de benzalkonium 0,1 % solution pour application cutanée) 2235721 ALBERTA LTD. / SUNSHINE ENVIRONMENTAL","9004469","benzalkonium chloride 0.1 % cutaneous solution","chlorure de benzalkonium 0,1 % solution pour application cutanée","8000796","benzalkonium","benzalkonium"
"02480816","SCOTT ANTIMICROBIAL FOAM SKIN CLEANSER (benzalkonium chloride 0.1 % cutaneous solution) KIMBERLY-CLARK GLOBAL SALES LLC","SCOTT ANTIMICROBIAL FOAM SKIN CLEANSER (chlorure de benzalkonium 0,1 % solution pour application cutanée) KIMBERLY-CLARK GLOBAL SALES LLC","9004469","benzalkonium chloride 0.1 % cutaneous solution","chlorure de benzalkonium 0,1 % solution pour application cutanée","8000796","benzalkonium","benzalkonium"
"02399350","HAND SANITIZING WIPES (benzalkonium chloride 0.12 % wipe) ATHEA LABORATORIES INC","HAND SANITIZING WIPES (chlorure de benzalkonium 0,12 % lingette) ATHEA LABORATORIES INC","9004163","benzalkonium chloride 0.12 % wipe","chlorure de benzalkonium 0,12 % lingette","8000796","benzalkonium","benzalkonium"
"02486431","ADVANTAGE SANITIZING WIPES (benzalkonium chloride 0.12 % wipe) 2XL CORPORATION","ADVANTAGE SANITIZING WIPES (chlorure de benzalkonium 0,12 % lingette) 2XL CORPORATION","9004163","benzalkonium chloride 0.12 % wipe","chlorure de benzalkonium 0,12 % lingette","8000796","benzalkonium","benzalkonium"
"02486288","AVMOR ANTIBACTERIAL FOAMING HAND SOAP/ AVMOR SAVON MOUSSANT ANTIBACTÉRIEN POUR LES MAINS (benzalkonium chloride 0.125 % cutaneous solution) AVMOR LTD","AVMOR ANTIBACTERIAL FOAMING HAND SOAP/ AVMOR SAVON MOUSSANT ANTIBACTÉRIEN POUR LES MAINS (chlorure de benzalkonium 0,125 % solution pour application cutanée) AVMOR LTD","9004649","benzalkonium chloride 0.125 % cutaneous solution","chlorure de benzalkonium 0,125 % solution pour application cutanée","8000796","benzalkonium","benzalkonium"
"02502267","TRIPLE RAIN HAND SANITIZER (benzalkonium chloride 0.125 % cutaneous spray) KIKSTICK SAFETY LTD","TRIPLE RAIN HAND SANITIZER (chlorure de benzalkonium 0,125 % vaporisation cutanée) KIKSTICK SAFETY LTD","9014375","benzalkonium chloride 0.125 % cutaneous spray","chlorure de benzalkonium 0,125 % vaporisation cutanée","8000796","benzalkonium","benzalkonium"
"02472236","FUZION AB FOAMING HAND SOAP (benzalkonium chloride 0.13 % NA) ZEP MANUFACTURING COMPANY OF CANADA","FUZION AB FOAMING HAND SOAP (chlorure de benzalkonium 0,13 % NA) ZEP MANUFACTURING COMPANY OF CANADA","9013943","benzalkonium chloride 0.13 % NA","chlorure de benzalkonium 0,13 % NA","8000796","benzalkonium","benzalkonium"
"02470403","ZOONO HAND SANITIZER (benzalkonium chloride 0.13 % NA) ZOONO GROUP LIMITED","ZOONO HAND SANITIZER (chlorure de benzalkonium 0,13 % NA) ZOONO GROUP LIMITED","9013943","benzalkonium chloride 0.13 % NA","chlorure de benzalkonium 0,13 % NA","8000796","benzalkonium","benzalkonium"
"02472198","TRANQUIL MEADOWS AB (benzalkonium chloride 0.13 % NA) ZEP MANUFACTURING COMPANY OF CANADA","TRANQUIL MEADOWS AB (chlorure de benzalkonium 0,13 % NA) ZEP MANUFACTURING COMPANY OF CANADA","9013943","benzalkonium chloride 0.13 % NA","chlorure de benzalkonium 0,13 % NA","8000796","benzalkonium","benzalkonium"
"02500604","HAMOL (benzalkonium chloride 0.13 % cutaneous gel) AK-PAK RICCI","HAMOL (chlorure de benzalkonium 0,13 % gel cutané) AK-PAK RICCI","9014319","benzalkonium chloride 0.13 % cutaneous gel","chlorure de benzalkonium 0,13 % gel cutané","8000796","benzalkonium","benzalkonium"
"02239318","ECOCARE 360 (benzalkonium chloride 0.13 % cutaneous liquid) ECOLAB CO","ECOCARE 360 (chlorure de benzalkonium 0,13 % liquide cutané) ECOLAB CO","9003378","benzalkonium chloride 0.13 % cutaneous liquid","chlorure de benzalkonium 0,13 % liquide cutané","8000796","benzalkonium","benzalkonium"
"02502852","FS ANTIMICROBIAL HAND WASH (benzalkonium chloride 0.13 % cutaneous solution) ZEP MANUFACTURING COMPANY OF CANADA","FS ANTIMICROBIAL HAND WASH (chlorure de benzalkonium 0,13 % solution pour application cutanée) ZEP MANUFACTURING COMPANY OF CANADA","9004334","benzalkonium chloride 0.13 % cutaneous solution","chlorure de benzalkonium 0,13 % solution pour application cutanée","8000796","benzalkonium","benzalkonium"
"02500124","FOAM-CARE ULTRA (benzalkonium chloride 0.13 % cutaneous solution) LES CHIMIQUES B.O.D. INC","FOAM-CARE ULTRA (chlorure de benzalkonium 0,13 % solution pour application cutanée) LES CHIMIQUES B.O.D. INC","9004334","benzalkonium chloride 0.13 % cutaneous solution","chlorure de benzalkonium 0,13 % solution pour application cutanée","8000796","benzalkonium","benzalkonium"
"02464810","DIAL COMPLETE FOAMING ANTIBACTERIAL HAND WASH (benzalkonium chloride 0.13 % cutaneous solution) HENKEL CANADA CORPORATION","DIAL COMPLETE FOAMING ANTIBACTERIAL HAND WASH (chlorure de benzalkonium 0,13 % solution pour application cutanée) HENKEL CANADA CORPORATION","9004334","benzalkonium chloride 0.13 % cutaneous solution","chlorure de benzalkonium 0,13 % solution pour application cutanée","8000796","benzalkonium","benzalkonium"
"02501368","DOVE CARE & PROTECT HAND WASH ANTIBACTERIAL (benzalkonium chloride 0.13 % cutaneous solution) UNILEVER CANADA","DOVE CARE & PROTECT HAND WASH ANTIBACTERIAL (chlorure de benzalkonium 0,13 % solution pour application cutanée) UNILEVER CANADA","9004334","benzalkonium chloride 0.13 % cutaneous solution","chlorure de benzalkonium 0,13 % solution pour application cutanée","8000796","benzalkonium","benzalkonium"
"02464802","DIAL COMPLETE ANTIBACTERIAL FOAMING HAND WASH (benzalkonium chloride 0.13 % cutaneous solution) HENKEL CANADA CORPORATION","DIAL COMPLETE ANTIBACTERIAL FOAMING HAND WASH (chlorure de benzalkonium 0,13 % solution pour application cutanée) HENKEL CANADA CORPORATION","9004334","benzalkonium chloride 0.13 % cutaneous solution","chlorure de benzalkonium 0,13 % solution pour application cutanée","8000796","benzalkonium","benzalkonium"
"02508168","SOFTSOAP ANTIBACTERIAL WHITE TEA & BERRY (benzalkonium chloride 0.13 % cutaneous solution) COLGATE-PALMOLIVE CANADA INC","SOFTSOAP ANTIBACTERIAL WHITE TEA & BERRY (chlorure de benzalkonium 0,13 % solution pour application cutanée) COLGATE-PALMOLIVE CANADA INC","9004334","benzalkonium chloride 0.13 % cutaneous solution","chlorure de benzalkonium 0,13 % solution pour application cutanée","8000796","benzalkonium","benzalkonium"
"02510189","MEDISANI ANTI-BACTERIAL HAND SANITIZER (benzalkonium chloride 0.13 % cutaneous solution) MEDISANI SOLUTIONS INC.","MEDISANI ANTI-BACTERIAL HAND SANITIZER (chlorure de benzalkonium 0,13 % solution pour application cutanée) MEDISANI SOLUTIONS INC.","9004334","benzalkonium chloride 0.13 % cutaneous solution","chlorure de benzalkonium 0,13 % solution pour application cutanée","8000796","benzalkonium","benzalkonium"
"02472775","SPRING SHOWERS PLUIES PRINTANIÈRES FOAMING HAND SOAP ANTIBACTERIAL (benzalkonium chloride 0.13 % cutaneous solution) APOLLO HEALTH AND BEAUTY CARE","SPRING SHOWERS PLUIES PRINTANIÈRES FOAMING HAND SOAP ANTIBACTERIAL (chlorure de benzalkonium 0,13 % solution pour application cutanée) APOLLO HEALTH AND BEAUTY CARE","9004334","benzalkonium chloride 0.13 % cutaneous solution","chlorure de benzalkonium 0,13 % solution pour application cutanée","8000796","benzalkonium","benzalkonium"
"02432749","SANIMOR ASSAINISSEUR MOUSSANT SANS ALCOOL POUR LES MAINS | SANIMOR ALCOHOL FREE FOAMING HAND SANITIZER (benzalkonium chloride 0.13 % cutaneous solution) AVMOR LTD","SANIMOR ASSAINISSEUR MOUSSANT SANS ALCOOL POUR LES MAINS | SANIMOR ALCOHOL FREE FOAMING HAND SANITIZER (chlorure de benzalkonium 0,13 % solution pour application cutanée) AVMOR LTD","9004334","benzalkonium chloride 0.13 % cutaneous solution","chlorure de benzalkonium 0,13 % solution pour application cutanée","8000796","benzalkonium","benzalkonium"
"02469200","DIAL COMPLETE 2 IN 1 MOISTURIZING & ANTIBACTERIAL FOAMING HAND WASH PEARL ESSENCE (benzalkonium chloride 0.13 % cutaneous solution) HENKEL CANADA CORPORATION","DIAL COMPLETE 2 IN 1 MOISTURIZING & ANTIBACTERIAL FOAMING HAND WASH PEARL ESSENCE (chlorure de benzalkonium 0,13 % solution pour application cutanée) HENKEL CANADA CORPORATION","9004334","benzalkonium chloride 0.13 % cutaneous solution","chlorure de benzalkonium 0,13 % solution pour application cutanée","8000796","benzalkonium","benzalkonium"
"02481456","SCOTT FOAM HAND SANITIZER (benzalkonium chloride 0.13 % cutaneous solution) KIMBERLY-CLARK GLOBAL SALES LLC","SCOTT FOAM HAND SANITIZER (chlorure de benzalkonium 0,13 % solution pour application cutanée) KIMBERLY-CLARK GLOBAL SALES LLC","9004334","benzalkonium chloride 0.13 % cutaneous solution","chlorure de benzalkonium 0,13 % solution pour application cutanée","8000796","benzalkonium","benzalkonium"
"02290855","X3 CLEAN GERM ATTACK HAND SANITIZER (benzalkonium chloride 0.13 % cutaneous solution) NATURAL ESSENTIALS INC","X3 CLEAN GERM ATTACK HAND SANITIZER (chlorure de benzalkonium 0,13 % solution pour application cutanée) NATURAL ESSENTIALS INC","9004334","benzalkonium chloride 0.13 % cutaneous solution","chlorure de benzalkonium 0,13 % solution pour application cutanée","8000796","benzalkonium","benzalkonium"
"02469197","DIAL COMPLETE 2 IN 1 MOISTURIZING & ANTIBACTERIAL FOAMING HAND WASH MANUKA HONEY (benzalkonium chloride 0.13 % cutaneous solution) HENKEL CANADA CORPORATION","DIAL COMPLETE 2 IN 1 MOISTURIZING & ANTIBACTERIAL FOAMING HAND WASH MANUKA HONEY (chlorure de benzalkonium 0,13 % solution pour application cutanée) HENKEL CANADA CORPORATION","9004334","benzalkonium chloride 0.13 % cutaneous solution","chlorure de benzalkonium 0,13 % solution pour application cutanée","8000796","benzalkonium","benzalkonium"
"02480336","DYE FREE FRAGRANCE FREE ANTIBACTERIAL FOAMING HAND SOAP (benzalkonium chloride 0.13 % cutaneous solution) VI-JON, LLC","DYE FREE FRAGRANCE FREE ANTIBACTERIAL FOAMING HAND SOAP (chlorure de benzalkonium 0,13 % solution pour application cutanée) VI-JON, LLC","9004334","benzalkonium chloride 0.13 % cutaneous solution","chlorure de benzalkonium 0,13 % solution pour application cutanée","8000796","benzalkonium","benzalkonium"
"02498995","ENEVRA NON-ALCOHOLIC HAND SANITIZER (benzalkonium chloride 0.13 % cutaneous solution) GLOBARA LABORATORIES INC.","ENEVRA NON-ALCOHOLIC HAND SANITIZER (chlorure de benzalkonium 0,13 % solution pour application cutanée) GLOBARA LABORATORIES INC.","9004334","benzalkonium chloride 0.13 % cutaneous solution","chlorure de benzalkonium 0,13 % solution pour application cutanée","8000796","benzalkonium","benzalkonium"
"02472724","ENERGY BERRY BAIES ÉNERGISANTES FOAMING HAND SOAP ANTIBACTERIAL (benzalkonium chloride 0.13 % cutaneous solution) APOLLO HEALTH AND BEAUTY CARE","ENERGY BERRY BAIES ÉNERGISANTES FOAMING HAND SOAP ANTIBACTERIAL (chlorure de benzalkonium 0,13 % solution pour application cutanée) APOLLO HEALTH AND BEAUTY CARE","9004334","benzalkonium chloride 0.13 % cutaneous solution","chlorure de benzalkonium 0,13 % solution pour application cutanée","8000796","benzalkonium","benzalkonium"
"02508222","REFRESH ANTIBAC FOAM (benzalkonium chloride 0.13 % cutaneous solution) SC JOHNSON PROFESSIONAL CA INC","REFRESH ANTIBAC FOAM (chlorure de benzalkonium 0,13 % solution pour application cutanée) SC JOHNSON PROFESSIONAL CA INC","9004334","benzalkonium chloride 0.13 % cutaneous solution","chlorure de benzalkonium 0,13 % solution pour application cutanée","8000796","benzalkonium","benzalkonium"
"02406802","SOFTSOAP ANTIBACTERIAL (benzalkonium chloride 0.13 % cutaneous solution) COLGATE-PALMOLIVE CANADA INC","SOFTSOAP ANTIBACTERIAL (chlorure de benzalkonium 0,13 % solution pour application cutanée) COLGATE-PALMOLIVE CANADA INC","9004334","benzalkonium chloride 0.13 % cutaneous solution","chlorure de benzalkonium 0,13 % solution pour application cutanée","8000796","benzalkonium","benzalkonium"
"02464829","DIAL ANTIBACTERIAL HYDRATING HAND SOAP (benzalkonium chloride 0.13 % cutaneous solution) HENKEL CANADA CORPORATION","DIAL ANTIBACTERIAL HYDRATING HAND SOAP (chlorure de benzalkonium 0,13 % solution pour application cutanée) HENKEL CANADA CORPORATION","9004334","benzalkonium chloride 0.13 % cutaneous solution","chlorure de benzalkonium 0,13 % solution pour application cutanée","8000796","benzalkonium","benzalkonium"
"02403463","PURELL SF607 FOAM HAND RUB (benzalkonium chloride 0.13 % cutaneous solution) GOJO CANADA INC","PURELL SF607 FOAM HAND RUB (chlorure de benzalkonium 0,13 % solution pour application cutanée) GOJO CANADA INC","9004334","benzalkonium chloride 0.13 % cutaneous solution","chlorure de benzalkonium 0,13 % solution pour application cutanée","8000796","benzalkonium","benzalkonium"
"02499150","STRONGARM HAND SANITIZER (benzalkonium chloride 0.13 % cutaneous solution) ARMSTRONG MANUFACTURING INC","STRONGARM HAND SANITIZER (chlorure de benzalkonium 0,13 % solution pour application cutanée) ARMSTRONG MANUFACTURING INC","9004334","benzalkonium chloride 0.13 % cutaneous solution","chlorure de benzalkonium 0,13 % solution pour application cutanée","8000796","benzalkonium","benzalkonium"
"02443252","KLEENEX FOAM HAND SANITIZER (benzalkonium chloride 0.13 % cutaneous solution) KIMBERLY-CLARK GLOBAL SALES LLC","KLEENEX FOAM HAND SANITIZER (chlorure de benzalkonium 0,13 % solution pour application cutanée) KIMBERLY-CLARK GLOBAL SALES LLC","9004334","benzalkonium chloride 0.13 % cutaneous solution","chlorure de benzalkonium 0,13 % solution pour application cutanée","8000796","benzalkonium","benzalkonium"
"02459272","HAND SANITIZER FOAM (benzalkonium chloride 0.13 % cutaneous solution) EMPACK SPRAYTECH INC","HAND SANITIZER FOAM (chlorure de benzalkonium 0,13 % solution pour application cutanée) EMPACK SPRAYTECH INC","9004334","benzalkonium chloride 0.13 % cutaneous solution","chlorure de benzalkonium 0,13 % solution pour application cutanée","8000796","benzalkonium","benzalkonium"
"02354780","FRAGRANCE FOAM (benzalkonium chloride 0.13 % cutaneous solution) SCENTSY INC","FRAGRANCE FOAM (chlorure de benzalkonium 0,13 % solution pour application cutanée) SCENTSY INC","9004334","benzalkonium chloride 0.13 % cutaneous solution","chlorure de benzalkonium 0,13 % solution pour application cutanée","8000796","benzalkonium","benzalkonium"
"02473798","PEAR AB HAND SOAP (benzalkonium chloride 0.13 % cutaneous solution) ZEP MANUFACTURING COMPANY OF CANADA","PEAR AB HAND SOAP (chlorure de benzalkonium 0,13 % solution pour application cutanée) ZEP MANUFACTURING COMPANY OF CANADA","9004334","benzalkonium chloride 0.13 % cutaneous solution","chlorure de benzalkonium 0,13 % solution pour application cutanée","8000796","benzalkonium","benzalkonium"
"02510650","GERMS BE GONE ANTIBACTERIAL HAND SOAP (benzalkonium chloride 0.13 % cutaneous solution) BRANDS INTERNATIONAL CORPORATION","GERMS BE GONE ANTIBACTERIAL HAND SOAP (chlorure de benzalkonium 0,13 % solution pour application cutanée) BRANDS INTERNATIONAL CORPORATION","9004334","benzalkonium chloride 0.13 % cutaneous solution","chlorure de benzalkonium 0,13 % solution pour application cutanée","8000796","benzalkonium","benzalkonium"
"02479729","ALCOHOL FREE FOAMING HAND SANITIZER (benzalkonium chloride 0.13 % cutaneous solution) VI-JON, LLC","ALCOHOL FREE FOAMING HAND SANITIZER (chlorure de benzalkonium 0,13 % solution pour application cutanée) VI-JON, LLC","9004334","benzalkonium chloride 0.13 % cutaneous solution","chlorure de benzalkonium 0,13 % solution pour application cutanée","8000796","benzalkonium","benzalkonium"
"02499037","CERTAINTY FOAMING HAND SANITIZER (benzalkonium chloride 0.13 % cutaneous solution) INNOCORE SALES & MARKETING","CERTAINTY FOAMING HAND SANITIZER (chlorure de benzalkonium 0,13 % solution pour application cutanée) INNOCORE SALES & MARKETING","9004334","benzalkonium chloride 0.13 % cutaneous solution","chlorure de benzalkonium 0,13 % solution pour application cutanée","8000796","benzalkonium","benzalkonium"
"02502100","ELEMENTAL HAND SANITIZER (benzalkonium chloride 0.13 % cutaneous solution) EASY WAY CLEANING PRODUCTS LIMITED","ELEMENTAL HAND SANITIZER (chlorure de benzalkonium 0,13 % solution pour application cutanée) EASY WAY CLEANING PRODUCTS LIMITED","9004334","benzalkonium chloride 0.13 % cutaneous solution","chlorure de benzalkonium 0,13 % solution pour application cutanée","8000796","benzalkonium","benzalkonium"
"02369575","X3 ON-THE-GO ANTISEPTIC SPRAY (benzalkonium chloride 0.13 % cutaneous spray) NATURAL ESSENTIALS INC","X3 ON-THE-GO ANTISEPTIC SPRAY (chlorure de benzalkonium 0,13 % vaporisation cutanée) NATURAL ESSENTIALS INC","9005024","benzalkonium chloride 0.13 % cutaneous spray","chlorure de benzalkonium 0,13 % vaporisation cutanée","8000796","benzalkonium","benzalkonium"
"02443163","ALOE-CARE ANTIBACTERIAL LOTION SOAP, BENZALKONIUM CHLORIDE LOTION 0.13% W/W (benzalkonium chloride 0.13 % lotion) CANADIAN CUSTOM PACKAGING COMPANY","ALOE-CARE ANTIBACTERIAL LOTION SOAP, BENZALKONIUM CHLORIDE LOTION 0.13% W/W (chlorure de benzalkonium 0,13 % lotion) CANADIAN CUSTOM PACKAGING COMPANY","9005800","benzalkonium chloride 0.13 % lotion","chlorure de benzalkonium 0,13 % lotion","8000796","benzalkonium","benzalkonium"
"02472287","ACCLAIM AB (benzalkonium chloride 0.13 % lotion) ZEP MANUFACTURING COMPANY OF CANADA","ACCLAIM AB (chlorure de benzalkonium 0,13 % lotion) ZEP MANUFACTURING COMPANY OF CANADA","9005800","benzalkonium chloride 0.13 % lotion","chlorure de benzalkonium 0,13 % lotion","8000796","benzalkonium","benzalkonium"
"02437384","PURELL HAND SANITIZING WIPES (benzalkonium chloride 0.13 % wipe) GOJO CANADA INC","PURELL HAND SANITIZING WIPES (chlorure de benzalkonium 0,13 % lingette) GOJO CANADA INC","9004671","benzalkonium chloride 0.13 % wipe","chlorure de benzalkonium 0,13 % lingette","8000796","benzalkonium","benzalkonium"
"02354543","LORIS 0.13% BZK (benzalkonium chloride 0.13 % wipe) LERNAPHARM (LORIS) INC.","LORIS 0.13% BZK (chlorure de benzalkonium 0,13 % lingette) LERNAPHARM (LORIS) INC.","9004671","benzalkonium chloride 0.13 % wipe","chlorure de benzalkonium 0,13 % lingette","8000796","benzalkonium","benzalkonium"
"02403471","PURELL SANITIZING WIPES (benzalkonium chloride 0.13 % wipe) GOJO CANADA INC","PURELL SANITIZING WIPES (chlorure de benzalkonium 0,13 % lingette) GOJO CANADA INC","9004671","benzalkonium chloride 0.13 % wipe","chlorure de benzalkonium 0,13 % lingette","8000796","benzalkonium","benzalkonium"
"02497522","CERTAINTY WIPES HAND SANITIZING WIPES (benzalkonium chloride 0.13 % wipe) INNOCORE SALES & MARKETING","CERTAINTY WIPES HAND SANITIZING WIPES (chlorure de benzalkonium 0,13 % lingette) INNOCORE SALES & MARKETING","9004671","benzalkonium chloride 0.13 % wipe","chlorure de benzalkonium 0,13 % lingette","8000796","benzalkonium","benzalkonium"
"02355736","BENZALKONIUM CHLORIDE ANTISEPTIC TOWELETTE (benzalkonium chloride 0.13 % wipe) CANADIAN CUSTOM PACKAGING COMPANY","BENZALKONIUM CHLORIDE ANTISEPTIC TOWELETTE (chlorure de benzalkonium 0,13 % lingette) CANADIAN CUSTOM PACKAGING COMPANY","9004671","benzalkonium chloride 0.13 % wipe","chlorure de benzalkonium 0,13 % lingette","8000796","benzalkonium","benzalkonium"
"02356112","BZK TOWELETTE (benzalkonium chloride 0.133 % wipe) DUKAL CORPORATION","BZK TOWELETTE (chlorure de benzalkonium 0,133 % lingette) DUKAL CORPORATION","9004912","benzalkonium chloride 0.133 % wipe","chlorure de benzalkonium 0,133 % lingette","8000796","benzalkonium","benzalkonium"
"02508206","ALCOHOL-FREE GEL HAND SANITIZER (benzalkonium chloride 0.15 % cutaneous gel) LES ENTREPRISES STEFMAR INC.","ALCOHOL-FREE GEL HAND SANITIZER (chlorure de benzalkonium 0,15 % gel cutané) LES ENTREPRISES STEFMAR INC.","9014540","benzalkonium chloride 0.15 % cutaneous gel","chlorure de benzalkonium 0,15 % gel cutané","8000796","benzalkonium","benzalkonium"
"02270420","SOAPOPULAR (benzalkonium chloride 0.15 % cutaneous liquid) SOAPOPULAR INC","SOAPOPULAR (chlorure de benzalkonium 0,15 % liquide cutané) SOAPOPULAR INC","9004094","benzalkonium chloride 0.15 % cutaneous liquid","chlorure de benzalkonium 0,15 % liquide cutané","8000796","benzalkonium","benzalkonium"
"02329891","KLERE (benzalkonium chloride 0.15 % cutaneous solution) BIOCHEM ENVIRONMENTAL SOLUTIONS INC.","KLERE (chlorure de benzalkonium 0,15 % solution pour application cutanée) BIOCHEM ENVIRONMENTAL SOLUTIONS INC.","9014303","benzalkonium chloride 0.15 % cutaneous solution","chlorure de benzalkonium 0,15 % solution pour application cutanée","8000796","benzalkonium","benzalkonium"
"02510901","SOAPOPULAR ANTIBACTERIAL HAND SOAP (benzalkonium chloride 0.15 % cutaneous solution) SOAPOPULAR INC","SOAPOPULAR ANTIBACTERIAL HAND SOAP (chlorure de benzalkonium 0,15 % solution pour application cutanée) SOAPOPULAR INC","9014303","benzalkonium chloride 0.15 % cutaneous solution","chlorure de benzalkonium 0,15 % solution pour application cutanée","8000796","benzalkonium","benzalkonium"
"02508354","UPMAID ANTIBACTERIAL HAND SOAP (benzalkonium chloride 0.15 % cutaneous solution) UPMAID TECHNOLOGIES INC.","UPMAID ANTIBACTERIAL HAND SOAP (chlorure de benzalkonium 0,15 % solution pour application cutanée) UPMAID TECHNOLOGIES INC.","9014303","benzalkonium chloride 0.15 % cutaneous solution","chlorure de benzalkonium 0,15 % solution pour application cutanée","8000796","benzalkonium","benzalkonium"
"02511436","ENVIRO FRESH HAND SANITIZER (benzalkonium chloride 0.15 % cutaneous solution) ENVIRO FRESH","ENVIRO FRESH HAND SANITIZER (chlorure de benzalkonium 0,15 % solution pour application cutanée) ENVIRO FRESH","9014303","benzalkonium chloride 0.15 % cutaneous solution","chlorure de benzalkonium 0,15 % solution pour application cutanée","8000796","benzalkonium","benzalkonium"
"02499274","EZ PUR HAND SANITIZER (benzalkonium chloride 0.15 % cutaneous solution) PRELAM ENTERPRISES LIMITED","EZ PUR HAND SANITIZER (chlorure de benzalkonium 0,15 % solution pour application cutanée) PRELAM ENTERPRISES LIMITED","9014303","benzalkonium chloride 0.15 % cutaneous solution","chlorure de benzalkonium 0,15 % solution pour application cutanée","8000796","benzalkonium","benzalkonium"
"02502208","HAND SANITIZER (benzalkonium chloride 0.15 % cutaneous solution) CONTRACT PACKAGING DISTRIBUTION INC.","HAND SANITIZER (chlorure de benzalkonium 0,15 % solution pour application cutanée) CONTRACT PACKAGING DISTRIBUTION INC.","9014303","benzalkonium chloride 0.15 % cutaneous solution","chlorure de benzalkonium 0,15 % solution pour application cutanée","8000796","benzalkonium","benzalkonium"
"02508370","BIO-ODEUR (benzalkonium chloride 0.15 % cutaneous solution) PRODUITS BIO-EXPERT INC.","BIO-ODEUR (chlorure de benzalkonium 0,15 % solution pour application cutanée) PRODUITS BIO-EXPERT INC.","9014303","benzalkonium chloride 0.15 % cutaneous solution","chlorure de benzalkonium 0,15 % solution pour application cutanée","8000796","benzalkonium","benzalkonium"
"02502178","ANTI-MICROBE M (benzalkonium chloride 0.15 % cutaneous solution) ATOMS F.D. INC","ANTI-MICROBE M (chlorure de benzalkonium 0,15 % solution pour application cutanée) ATOMS F.D. INC","9014303","benzalkonium chloride 0.15 % cutaneous solution","chlorure de benzalkonium 0,15 % solution pour application cutanée","8000796","benzalkonium","benzalkonium"
"02512378","EZ PUR HAND SANITIZER FOR KIDS (benzalkonium chloride 0.15 % cutaneous spray) PRELAM ENTERPRISES LIMITED","EZ PUR HAND SANITIZER FOR KIDS (chlorure de benzalkonium 0,15 % vaporisation cutanée) PRELAM ENTERPRISES LIMITED","9014579","benzalkonium chloride 0.15 % cutaneous spray","chlorure de benzalkonium 0,15 % vaporisation cutanée","8000796","benzalkonium","benzalkonium"
"02470853","FINIPIL (benzethonium chloride 0.2 % cutaneous cream) EQUIBAL LABS INC","FINIPIL (chlorure de benzéthonium 0,2 % crème cutanée) EQUIBAL LABS INC","9012906","benzethonium chloride 0.2 % cutaneous cream","chlorure de benzéthonium 0,2 % crème cutanée","8001579","benzethonium","benzéthonium"
"02481480","FINIPIL 4 MEN ONLY (benzethonium chloride 0.2 % cutaneous cream) EQUIBAL LABS INC","FINIPIL 4 MEN ONLY (chlorure de benzéthonium 0,2 % crème cutanée) EQUIBAL LABS INC","9012906","benzethonium chloride 0.2 % cutaneous cream","chlorure de benzéthonium 0,2 % crème cutanée","8001579","benzethonium","benzéthonium"
"02470837","FINIPIL LAIT 50 (benzethonium chloride 0.2 % cutaneous cream) EQUIBAL LABS INC","FINIPIL LAIT 50 (chlorure de benzéthonium 0,2 % crème cutanée) EQUIBAL LABS INC","9012906","benzethonium chloride 0.2 % cutaneous cream","chlorure de benzéthonium 0,2 % crème cutanée","8001579","benzethonium","benzéthonium"
"02267365","INO-F-SAN INSTANT HAND SANITIZER (benzethonium chloride 0.2 % cutaneous liquid) GROUPE DISSAN INC.","INO-F-SAN INSTANT HAND SANITIZER (chlorure de benzéthonium 0,2 % liquide cutané) GROUPE DISSAN INC.","9003875","benzethonium chloride 0.2 % cutaneous liquid","chlorure de benzéthonium 0,2 % liquide cutané","8001579","benzethonium","benzéthonium"
"02248971","ZEP FOAM SAN (benzethonium chloride 0.2 % cutaneous solution) ZEP MANUFACTURING COMPANY OF CANADA","ZEP FOAM SAN (chlorure de benzéthonium 0,2 % solution pour application cutanée) ZEP MANUFACTURING COMPANY OF CANADA","9003966","benzethonium chloride 0.2 % cutaneous solution","chlorure de benzéthonium 0,2 % solution pour application cutanée","8001579","benzethonium","benzéthonium"
"02377896","FOAM SANITIZER (benzethonium chloride 0.2 % cutaneous solution) ZEP MANUFACTURING COMPANY OF CANADA","FOAM SANITIZER (chlorure de benzéthonium 0,2 % solution pour application cutanée) ZEP MANUFACTURING COMPANY OF CANADA","9003966","benzethonium chloride 0.2 % cutaneous solution","chlorure de benzéthonium 0,2 % solution pour application cutanée","8001579","benzethonium","benzéthonium"
"02304112","WET ONES (benzethonium chloride 0.3 % wipe) EDGEWELL PERSONAL CARE CANADA, ULC","WET ONES (chlorure de benzéthonium 0,3 % lingette) EDGEWELL PERSONAL CARE CANADA, ULC","9004407","benzethonium chloride 0.3 % wipe","chlorure de benzéthonium 0,3 % lingette","8001579","benzethonium","benzéthonium"
"02402149","ACNE TREATMENT SYSTEM (benzoyl peroxide 5 % and salicylic acid 2 % NA) VIVIER CANADA INCORPORATED","ACNE TREATMENT SYSTEM (peroxyde de benzoyle 5 % et acide salicylique 2 % NA) VIVIER CANADA INCORPORATED","9006409","benzoyl peroxide 5 % and salicylic acid 2 % NA","peroxyde de benzoyle 5 % et acide salicylique 2 % NA","8001004","benzoyl peroxide and salicylic acid","peroxyde de benzoyle et acide salicylique"
"02273527","PRIME SOURCE ANTIMICROBIAL FOAMING HAND SOAP WITH CHLOROXYLENOL (chloroxylenol 0.3 % cutaneous liquid) GOJO INDUSTRIES, INC.","PRIME SOURCE ANTIMICROBIAL FOAMING HAND SOAP WITH CHLOROXYLENOL (chloroxylénol 0,3 % liquide cutané) GOJO INDUSTRIES, INC.","9003511","chloroxylenol 0.3 % cutaneous liquid","chloroxylénol 0,3 % liquide cutané","8001615","chloroxylenol","chloroxylénol"
"02287455","GOJO PREMIUM FOAM ANTIBACTERIAL HANDWASH (chloroxylenol 0.3 % cutaneous liquid) GOJO INDUSTRIES, INC.","GOJO PREMIUM FOAM ANTIBACTERIAL HANDWASH (chloroxylénol 0,3 % liquide cutané) GOJO INDUSTRIES, INC.","9003511","chloroxylenol 0.3 % cutaneous liquid","chloroxylénol 0,3 % liquide cutané","8001615","chloroxylenol","chloroxylénol"
"02251094","GOJO ANTIBACTERIAL LUXURY FOAM HANDWASH (chloroxylenol 0.3 % cutaneous liquid) GOJO INDUSTRIES, INC.","GOJO ANTIBACTERIAL LUXURY FOAM HANDWASH (chloroxylénol 0,3 % liquide cutané) GOJO INDUSTRIES, INC.","9003511","chloroxylenol 0.3 % cutaneous liquid","chloroxylénol 0,3 % liquide cutané","8001615","chloroxylenol","chloroxylénol"
"02264897","SEPTILINE II ANTIMICROBIAL LOTION SOAP (chloroxylenol 0.3 % lotion) GOJO INDUSTRIES, INC.","SEPTILINE II ANTIMICROBIAL LOTION SOAP (chloroxylénol 0,3 % lotion) GOJO INDUSTRIES, INC.","9004071","chloroxylenol 0.3 % lotion","chloroxylénol 0,3 % lotion","8001615","chloroxylenol","chloroxylénol"
"02480506","APPLAUD AB ANTISEPTIC LOTIONIZED HAND SOAP (chloroxylenol 0.5 % NA) ZEP MANUFACTURING COMPANY OF CANADA","APPLAUD AB ANTISEPTIC LOTIONIZED HAND SOAP (chloroxylénol 0,5 % NA) ZEP MANUFACTURING COMPANY OF CANADA","9014085","chloroxylenol 0.5 % NA","chloroxylénol 0,5 % NA","8001615","chloroxylenol","chloroxylénol"
"02278138","MICRELL ANTIBACTERIAL FOAM HANDWASH (chloroxylenol 0.5 % cutaneous liquid) GOJO INDUSTRIES, INC.","MICRELL ANTIBACTERIAL FOAM HANDWASH (chloroxylénol 0,5 % liquide cutané) GOJO INDUSTRIES, INC.","9014583","chloroxylenol 0.5 % cutaneous liquid","chloroxylénol 0,5 % liquide cutané","8001615","chloroxylenol","chloroxylénol"
"02512319","VISION ANTIBACTERIAL HAND SOAP (chloroxylenol 0.5 % cutaneous solution) LAWRASON'S INC","VISION ANTIBACTERIAL HAND SOAP (chloroxylénol 0,5 % solution pour application cutanée) LAWRASON'S INC","9003605","chloroxylenol 0.5 % cutaneous solution","chloroxylénol 0,5 % solution pour application cutanée","8001615","chloroxylenol","chloroxylénol"
"02238251","VIONEX ANTIMICROBIAL LIQUID SOAP (chloroxylenol 0.52 % cutaneous solution) METREX RESEARCH, LLC","VIONEX ANTIMICROBIAL LIQUID SOAP (chloroxylénol 0,52 % solution pour application cutanée) METREX RESEARCH, LLC","9014594","chloroxylenol 0.52 % cutaneous solution","chloroxylénol 0,52 % solution pour application cutanée","8001615","chloroxylenol","chloroxylénol"
"02131471","VIROBEX-P (chloroxylenol 0.6 % cutaneous liquid) GERMIPHENE CORPORATION","VIROBEX-P (chloroxylénol 0,6 % liquide cutané) GERMIPHENE CORPORATION","9002180","chloroxylenol 0.6 % cutaneous liquid","chloroxylénol 0,6 % liquide cutané","8001615","chloroxylenol","chloroxylénol"
"01977873","GERMICIDAL HAND SOAP LIQ 0.6% (chloroxylenol 0.6 % cutaneous liquid) OSTREM CHEMICAL CO LTD.","GERMICIDAL HAND SOAP LIQ 0.6% (chloroxylénol 0,6 % liquide cutané) OSTREM CHEMICAL CO LTD.","9002180","chloroxylenol 0.6 % cutaneous liquid","chloroxylénol 0,6 % liquide cutané","8001615","chloroxylenol","chloroxylénol"
"02314126","PHENREX MVD (chloroxylenol 0.6 % cutaneous solution) IMREX INC.","PHENREX MVD (chloroxylénol 0,6 % solution pour application cutanée) IMREX INC.","9004599","chloroxylenol 0.6 % cutaneous solution","chloroxylénol 0,6 % solution pour application cutanée","8001615","chloroxylenol","chloroxylénol"
"02276917","QUICK CLEAN (chloroxylenol 1 % cutaneous gel) SPRAKITA PRODUCTS","QUICK CLEAN (chloroxylénol 1 % gel cutané) SPRAKITA PRODUCTS","9014486","chloroxylenol 1 % cutaneous gel","chloroxylénol 1 % gel cutané","8001615","chloroxylenol","chloroxylénol"
"02242847","DIGICLEAN E FOAM HAND SOAP (chloroxylenol 1 % cutaneous liquid) ECOLAB CO","DIGICLEAN E FOAM HAND SOAP (chloroxylénol 1 % liquide cutané) ECOLAB CO","9003565","chloroxylenol 1 % cutaneous liquid","chloroxylénol 1 % liquide cutané","8001615","chloroxylenol","chloroxylénol"
"02270021","GOJO E2 FOAM SANITIZING SOAP (chloroxylenol 1 % cutaneous liquid) GOJO INDUSTRIES, INC.","GOJO E2 FOAM SANITIZING SOAP (chloroxylénol 1 % liquide cutané) GOJO INDUSTRIES, INC.","9003565","chloroxylenol 1 % cutaneous liquid","chloroxylénol 1 % liquide cutané","8001615","chloroxylenol","chloroxylénol"
"02448866","SOFT CARE DEFEND FOAM (chloroxylenol 1 % cutaneous solution) DIVERSEY INC","SOFT CARE DEFEND FOAM (chloroxylénol 1 % solution pour application cutanée) DIVERSEY INC","9006134","chloroxylenol 1 % cutaneous solution","chloroxylénol 1 % solution pour application cutanée","8001615","chloroxylenol","chloroxylénol"
"02449420","SOFT CARE DEFEND (chloroxylenol 1 % cutaneous solution) DIVERSEY INC","SOFT CARE DEFEND (chloroxylénol 1 % solution pour application cutanée) DIVERSEY INC","9006134","chloroxylenol 1 % cutaneous solution","chloroxylénol 1 % solution pour application cutanée","8001615","chloroxylenol","chloroxylénol"
"02440458","PURKLENZ (chloroxylenol 3 % cutaneous liquid) PURKLENZ FORMULATIONS INC","PURKLENZ (chloroxylénol 3 % liquide cutané) PURKLENZ FORMULATIONS INC","9005757","chloroxylenol 3 % cutaneous liquid","chloroxylénol 3 % liquide cutané","8001615","chloroxylenol","chloroxylénol"
"00373435","DETTOL (chloroxylenol 4.8 % cutaneous solution) RB HEALTH (CANADA) INC.","DETTOL (chloroxylénol 4,8 % solution pour application cutanée) RB HEALTH (CANADA) INC.","9013425","chloroxylenol 4.8 % cutaneous solution","chloroxylénol 4,8 % solution pour application cutanée","8001615","chloroxylenol","chloroxylénol"
"02434970","OCTAPLEX (coagulation factor IX human 1000 unit per vial and coagulation factor ii (human) 1520 unit per vial and coagulation factor vii (human) 960 unit per vial and coagulation factor x (human) 1200 unit per vial and protein c 1240 unit per vial and protein s 1280 unit per vial NA) OCTAPHARMA PHARMAZEUTIKA PRODUKTIONSGES M B H","OCTAPLEX (facteur IX de coagulation humain 1000 unité par fiole et facteur II de coagulation humain 1520 unité par fiole et facteur VII de coagulation humain 960 unité par fiole et facteur X de coagulation humain 1200 unité par fiole et protéine c 1240 unité par fiole et protéine s 1280 unité par fiole NA) OCTAPHARMA PHARMAZEUTIKA PRODUKTIONSGES M B H","9014087","coagulation factor IX human 1000 unit per vial and coagulation factor ii (human) 1520 unit per vial and coagulation factor vii (human) 960 unit per vial and coagulation factor x (human) 1200 unit per vial and protein c 1240 unit per vial and protein s 1280 unit per vial NA","facteur IX de coagulation humain 1000 unité par fiole et facteur II de coagulation humain 1520 unité par fiole et facteur VII de coagulation humain 960 unité par fiole et facteur X de coagulation humain 1200 unité par fiole et protéine c 1240 unité par fiole et protéine s 1280 unité par fiole NA","8002278","coagulation factor IX human and coagulation factor ii (human) and coagulation factor vii (human) and coagulation factor x (human) and protein c and protein s","facteur IX de coagulation humain et facteur II de coagulation humain et facteur VII de coagulation humain et facteur X de coagulation humain et protéine c et protéine s"
"02410826","BERIPLEX P/N 1000 (coagulation factor IX human 1240 unit and coagulation factor ii (human) 1600 unit and coagulation factor vii (human) 1000 unit and coagulation factor x (human) 2040 unit and protein c 1640 unit and protein s 1360 unit powder for solution for injection) CSL BEHRING CANADA INC","BERIPLEX P/N 1000 (facteur IX de coagulation humain 1240 unité et facteur II de coagulation humain 1600 unité et facteur VII de coagulation humain 1000 unité et facteur X de coagulation humain 2040 unité et protéine c 1640 unité et protéine s 1360 unité poudre pour solution injectable) CSL BEHRING CANADA INC","9014088","coagulation factor IX human 1240 unit and coagulation factor ii (human) 1600 unit and coagulation factor vii (human) 1000 unit and coagulation factor x (human) 2040 unit and protein c 1640 unit and protein s 1360 unit powder for solution for injection","facteur IX de coagulation humain 1240 unité et facteur II de coagulation humain 1600 unité et facteur VII de coagulation humain 1000 unité et facteur X de coagulation humain 2040 unité et protéine c 1640 unité et protéine s 1360 unité poudre pour solution injectable","8002278","coagulation factor IX human and coagulation factor ii (human) and coagulation factor vii (human) and coagulation factor x (human) and protein c and protein s","facteur IX de coagulation humain et facteur II de coagulation humain et facteur VII de coagulation humain et facteur X de coagulation humain et protéine c et protéine s"
"02294664","OCTAPLEX (coagulation factor IX human 500 unit per vial and coagulation factor ii (human) 760 unit per vial and coagulation factor vii (human) 480 unit per vial and coagulation factor x (human) 600 unit per vial and protein c 620 unit per vial and protein s 640 unit per vial NA) OCTAPHARMA PHARMAZEUTIKA PRODUKTIONSGES M B H","OCTAPLEX (facteur IX de coagulation humain 500 unité par fiole et facteur II de coagulation humain 760 unité par fiole et facteur VII de coagulation humain 480 unité par fiole et facteur X de coagulation humain 600 unité par fiole et protéine c 620 unité par fiole et protéine s 640 unité par fiole NA) OCTAPHARMA PHARMAZEUTIKA PRODUKTIONSGES M B H","9014090","coagulation factor IX human 500 unit per vial and coagulation factor ii (human) 760 unit per vial and coagulation factor vii (human) 480 unit per vial and coagulation factor x (human) 600 unit per vial and protein c 620 unit per vial and protein s 640 unit per vial NA","facteur IX de coagulation humain 500 unité par fiole et facteur II de coagulation humain 760 unité par fiole et facteur VII de coagulation humain 480 unité par fiole et facteur X de coagulation humain 600 unité par fiole et protéine c 620 unité par fiole et protéine s 640 unité par fiole NA","8002278","coagulation factor IX human and coagulation factor ii (human) and coagulation factor vii (human) and coagulation factor x (human) and protein c and protein s","facteur IX de coagulation humain et facteur II de coagulation humain et facteur VII de coagulation humain et facteur X de coagulation humain et protéine c et protéine s"
"02359251","BERIPLEX P/N 500 (coagulation factor IX human 620 unit and coagulation factor ii (human) 800 unit and coagulation factor vii (human) 500 unit and coagulation factor x (human) 1020 unit and protein c 820 unit and protein s 680 unit powder for solution for injection) CSL BEHRING CANADA INC","BERIPLEX P/N 500 (facteur IX de coagulation humain 620 unité et facteur II de coagulation humain 800 unité et facteur VII de coagulation humain 500 unité et facteur X de coagulation humain 1020 unité et protéine c 820 unité et protéine s 680 unité poudre pour solution injectable) CSL BEHRING CANADA INC","9014091","coagulation factor IX human 620 unit and coagulation factor ii (human) 800 unit and coagulation factor vii (human) 500 unit and coagulation factor x (human) 1020 unit and protein c 820 unit and protein s 680 unit powder for solution for injection","facteur IX de coagulation humain 620 unité et facteur II de coagulation humain 800 unité et facteur VII de coagulation humain 500 unité et facteur X de coagulation humain 1020 unité et protéine c 820 unité et protéine s 680 unité poudre pour solution injectable","8002278","coagulation factor IX human and coagulation factor ii (human) and coagulation factor vii (human) and coagulation factor x (human) and protein c and protein s","facteur IX de coagulation humain et facteur II de coagulation humain et facteur VII de coagulation humain et facteur X de coagulation humain et protéine c et protéine s"
"77700785","DOXORUBICIN HYDROCHLORIDE INJECTION (doxorubicin hydrochloride 10 mg per 5 mL solution for injection vial) TEVA CANADA LIMITED","DOXORUBICIN HYDROCHLORIDE INJECTION (chlorhydrate de doxorubicine 10 mg par 5 mL solution injectable fiole) TEVA CANADA LIMITED","9013084","doxorubicin hydrochloride 10 mg per 5 mL solution for injection vial","chlorhydrate de doxorubicine 10 mg par 5 mL solution injectable fiole","8001757","doxorubicin","doxorubicine"
"77700789","DOXORUBICIN (doxorubicin hydrochloride 10 mg per 5 mL solution for injection vial) PFIZER CANADA ULC","DOXORUBICIN (chlorhydrate de doxorubicine 10 mg par 5 mL solution injectable fiole) PFIZER CANADA ULC","9013084","doxorubicin hydrochloride 10 mg per 5 mL solution for injection vial","chlorhydrate de doxorubicine 10 mg par 5 mL solution injectable fiole","8001757","doxorubicin","doxorubicine"
"77700772","DOXORUBICIN INJECTION, BP (doxorubicin hydrochloride 10 mg per 5 mL solution for injection vial) ACCORD HEALTHCARE INC","DOXORUBICIN INJECTION, BP (chlorhydrate de doxorubicine 10 mg par 5 mL solution injectable fiole) ACCORD HEALTHCARE INC","9013084","doxorubicin hydrochloride 10 mg per 5 mL solution for injection vial","chlorhydrate de doxorubicine 10 mg par 5 mL solution injectable fiole","8001757","doxorubicin","doxorubicine"
"02194457","DOXORUBICIN HYDROCHLORIDE FOR INJECTION USP (doxorubicin hydrochloride 10 mg per vial powder for solution for injection) PFIZER CANADA ULC","DOXORUBICIN HYDROCHLORIDE FOR INJECTION USP (chlorhydrate de doxorubicine 10 mg par fiole poudre pour solution injectable) PFIZER CANADA ULC","9003231","doxorubicin hydrochloride 10 mg per vial powder for solution for injection","chlorhydrate de doxorubicine 10 mg par fiole poudre pour solution injectable","8001757","doxorubicin","doxorubicine"
"02194473","DOXORUBICIN HYDROCHLORIDE FOR INJECTION USP (doxorubicin hydrochloride 150 mg per vial powder for solution for injection) PFIZER CANADA ULC","DOXORUBICIN HYDROCHLORIDE FOR INJECTION USP (chlorhydrate de doxorubicine 150 mg par fiole poudre pour solution injectable) PFIZER CANADA ULC","9003097","doxorubicin hydrochloride 150 mg per vial powder for solution for injection","chlorhydrate de doxorubicine 150 mg par fiole poudre pour solution injectable","8001757","doxorubicin","doxorubicine"
"77700771","DOXORUBICIN INJECTION, BP (doxorubicin hydrochloride 2 mg per mL solution for injection 100 mL vial) ACCORD HEALTHCARE INC","DOXORUBICIN INJECTION, BP (chlorhydrate de doxorubicine 2 mg par mL solution injectable 100 mL fiole) ACCORD HEALTHCARE INC","9013085","doxorubicin hydrochloride 2 mg per mL solution for injection 100 mL vial","chlorhydrate de doxorubicine 2 mg par mL solution injectable 100 mL fiole","8001757","doxorubicin","doxorubicine"
"77700784","DOXORUBICIN HYDROCHLORIDE INJECTION (doxorubicin hydrochloride 2 mg per mL solution for injection 100 mL vial) TEVA CANADA LIMITED","DOXORUBICIN HYDROCHLORIDE INJECTION (chlorhydrate de doxorubicine 2 mg par mL solution injectable 100 mL fiole) TEVA CANADA LIMITED","9013085","doxorubicin hydrochloride 2 mg per mL solution for injection 100 mL vial","chlorhydrate de doxorubicine 2 mg par mL solution injectable 100 mL fiole","8001757","doxorubicin","doxorubicine"
"77700790","DOXORUBICIN (doxorubicin hydrochloride 2 mg per mL solution for injection 100 mL vial) PFIZER CANADA ULC","DOXORUBICIN (chlorhydrate de doxorubicine 2 mg par mL solution injectable 100 mL fiole) PFIZER CANADA ULC","9013085","doxorubicin hydrochloride 2 mg per mL solution for injection 100 mL vial","chlorhydrate de doxorubicine 2 mg par mL solution injectable 100 mL fiole","8001757","doxorubicin","doxorubicine"
"02493020","TARO-DOXORUBICIN LIPOSOMAL (doxorubicin hydrochloride 2 mg per mL suspension for injection) TARO PHARMACEUTICALS INC","TARO-DOXORUBICIN LIPOSOMAL (chlorhydrate de doxorubicine 2 mg par mL suspension injectable) TARO PHARMACEUTICALS INC","9014307","doxorubicin hydrochloride 2 mg per mL suspension for injection","chlorhydrate de doxorubicine 2 mg par mL suspension injectable","8001757","doxorubicin","doxorubicine"
"77700770","DOXORUBICIN INJECTION, BP (doxorubicin hydrochloride 20 mg per 10 mL solution for injection vial) ACCORD HEALTHCARE INC","DOXORUBICIN INJECTION, BP (chlorhydrate de doxorubicine 20 mg par 10 mL solution injectable fiole) ACCORD HEALTHCARE INC","9013086","doxorubicin hydrochloride 20 mg per 10 mL solution for injection vial","chlorhydrate de doxorubicine 20 mg par 10 mL solution injectable fiole","8001757","doxorubicin","doxorubicine"
"02238389","CAELYX (doxorubicin hydrochloride 20 mg per 10 mL suspension for injection vial) BAXTER CORPORATION","CAELYX (chlorhydrate de doxorubicine 20 mg par 10 mL suspension injectable fiole) BAXTER CORPORATION","9013087","doxorubicin hydrochloride 20 mg per 10 mL suspension for injection vial","chlorhydrate de doxorubicine 20 mg par 10 mL suspension injectable fiole","8001757","doxorubicin","doxorubicine"
"77700791","DOXORUBICIN (doxorubicin hydrochloride 50 mg per 25 mL solution for injection vial) PFIZER CANADA ULC","DOXORUBICIN (chlorhydrate de doxorubicine 50 mg par 25 mL solution injectable fiole) PFIZER CANADA ULC","9013088","doxorubicin hydrochloride 50 mg per 25 mL solution for injection vial","chlorhydrate de doxorubicine 50 mg par 25 mL solution injectable fiole","8001757","doxorubicin","doxorubicine"
"77700769","DOXORUBICIN INJECTION, BP (doxorubicin hydrochloride 50 mg per 25 mL solution for injection vial) ACCORD HEALTHCARE INC","DOXORUBICIN INJECTION, BP (chlorhydrate de doxorubicine 50 mg par 25 mL solution injectable fiole) ACCORD HEALTHCARE INC","9013088","doxorubicin hydrochloride 50 mg per 25 mL solution for injection vial","chlorhydrate de doxorubicine 50 mg par 25 mL solution injectable fiole","8001757","doxorubicin","doxorubicine"
"77700783","DOXORUBICIN HYDROCHLORIDE INJECTION (doxorubicin hydrochloride 50 mg per 25 mL solution for injection vial) TEVA CANADA LIMITED","DOXORUBICIN HYDROCHLORIDE INJECTION (chlorhydrate de doxorubicine 50 mg par 25 mL solution injectable fiole) TEVA CANADA LIMITED","9013088","doxorubicin hydrochloride 50 mg per 25 mL solution for injection vial","chlorhydrate de doxorubicine 50 mg par 25 mL solution injectable fiole","8001757","doxorubicin","doxorubicine"
"02194465","DOXORUBICIN HYDROCHLORIDE FOR INJECTION USP (doxorubicin hydrochloride 50 mg per vial powder for solution for injection) PFIZER CANADA ULC","DOXORUBICIN HYDROCHLORIDE FOR INJECTION USP (chlorhydrate de doxorubicine 50 mg par fiole poudre pour solution injectable) PFIZER CANADA ULC","9003126","doxorubicin hydrochloride 50 mg per vial powder for solution for injection","chlorhydrate de doxorubicine 50 mg par fiole poudre pour solution injectable","8001757","doxorubicin","doxorubicine"
"02514230","VISTASEAL (fibrinogen human 160 mg per 2 mL and thrombin human 1000 unit per 2 mL cutaneous solution) INSTITUTO GRIFOLS S.A.","VISTASEAL (fibrinogène humaine 160 mg par 2 mL et thrombine humaine 1000 unité par 2 mL solution pour application cutanée) INSTITUTO GRIFOLS S.A.","9014640","fibrinogen human 160 mg per 2 mL and thrombin human 1000 unit per 2 mL cutaneous solution","fibrinogène humaine 160 mg par 2 mL et thrombine humaine 1000 unité par 2 mL solution pour application cutanée","8002282","fibrinogen human and thrombin human","fibrinogène humaine et thrombine humaine"
"02514257","VISTASEAL (fibrinogen human 400 mg per 5 mL and thrombin human 2500 unit per 5 mL cutaneous solution) INSTITUTO GRIFOLS S.A.","VISTASEAL (fibrinogène humaine 400 mg par 5 mL et thrombine humaine 2500 unité par 5 mL solution pour application cutanée) INSTITUTO GRIFOLS S.A.","9014665","fibrinogen human 400 mg per 5 mL and thrombin human 2500 unit per 5 mL cutaneous solution","fibrinogène humaine 400 mg par 5 mL et thrombine humaine 2500 unité par 5 mL solution pour application cutanée","8002282","fibrinogen human and thrombin human","fibrinogène humaine et thrombine humaine"
"02348497","EVICEL (fibrinogen human 90 mg per mL and thrombin human 1200 unit per mL NA) OMRIX BIOPHARMACEUTICALS LTD","EVICEL (fibrinogène humaine 90 mg par mL et thrombine humaine 1200 unité par mL NA) OMRIX BIOPHARMACEUTICALS LTD","9014112","fibrinogen human 90 mg per mL and thrombin human 1200 unit per mL NA","fibrinogène humaine 90 mg par mL et thrombine humaine 1200 unité par mL NA","8002282","fibrinogen human and thrombin human","fibrinogène humaine et thrombine humaine"
"02531917","KERENDIA (finerenone 10 mg oral tablet) BAYER INC","KERENDIA (finérénone 10 mg comprimé oral) BAYER INC","401a9c606bb1e7d23fedd1a35cf53221","finerenone 10 mg oral tablet","finérénone 10 mg comprimé oral","738ea0f62e8f95782b3f0d8a5c651d49","finerenone","finérénone"
"02531925","KERENDIA (finerenone 20 mg oral tablet) BAYER INC","KERENDIA (finérénone 20 mg comprimé oral) BAYER INC","cfd63e5a45c96370155b58cca1c50a2a","finerenone 20 mg oral tablet","finérénone 20 mg comprimé oral","738ea0f62e8f95782b3f0d8a5c651d49","finerenone","finérénone"
"02243948","PUREGON (follitropin beta 833 unit per mL solution for injection) ORGANON CANADA INC.","PUREGON (follitropine bêta 833 unité par mL solution injectable) ORGANON CANADA INC.","9003657","follitropin beta 833 unit per mL solution for injection","follitropine bêta 833 unité par mL solution injectable","8001476","follitropin beta","follitropine bêta"
"02505924","VOCARVI (foscarnet sodium 6000 mg per 250 mL solution for injection bag) STERIMAX INC","VOCARVI (foscarnet sodique 6000 mg par 250 mL solution injectable sac) STERIMAX INC","513e536c2201f001dc02dcd8d7cb726b","foscarnet sodium 6000 mg per 250 mL solution for injection bag","foscarnet sodique 6000 mg par 250 mL solution injectable sac","b5527ec4184bf985c563456b1a784fe9","foscarnet","foscarnet"
"02518376","LEQVIO (inclisiran (inclisiran sodium) 284 mg per 1.5 mL solution for injection syringe) NOVARTIS PHARMACEUTICALS CANADA INC","LEQVIO (inclisiran (inclisiran sodique) 284 mg par 1,5 mL solution injectable seringue) NOVARTIS PHARMACEUTICALS CANADA INC","8f00204db65ee876b78d86697d5156a1","inclisiran (inclisiran sodium) 284 mg per 1.5 mL solution for injection syringe","inclisiran (inclisiran sodique) 284 mg par 1,5 mL solution injectable seringue","8002444","inclisiran","inclisiran"
"02219301","MAGNESIUM-45 0.5-4.5 (magnesium chloride 20.5 g per 4.5 l powder for concentrate for solution for haemodialysis) BAXTER CORPORATION","MAGNESIUM-45 0.5-4.5 (chlorure de magnésium 20,5 g par 4,5 l poudre pour solution à diluer pour solution pour hémodialyse) BAXTER CORPORATION","9003031","magnesium chloride 20.5 g per 4.5 l powder for concentrate for solution for haemodialysis","chlorure de magnésium 20,5 g par 4,5 l poudre pour solution à diluer pour solution pour hémodialyse","8001844","magnesium chloride","chlorure de magnésium"
"02530740","LIVTENCITY (maribavir 200 mg oral tablet) TAKEDA CANADA INC","LIVTENCITY (maribavir 200 mg comprimé oral) TAKEDA CANADA INC","99782ba5220e43cb6447107215279f88","maribavir 200 mg oral tablet","maribavir 200 mg comprimé oral","7b7d6a5697836374ed16bb2e6b10fd73","maribavir","maribavir"
"77700992","PACLITAXEL FOR INJECTION (paclitaxel 100 mg per 16.7 mL solution for injection vial) BIOLYSE PHARMA CORPORATION","PACLITAXEL FOR INJECTION (paclitaxel 100 mg par 16,7 mL solution injectable fiole) BIOLYSE PHARMA CORPORATION","9013892","paclitaxel 100 mg per 16.7 mL solution for injection vial","paclitaxel 100 mg par 16,7 mL solution injectable fiole","8002047","paclitaxel","paclitaxel"
"77700996","PACLITAXEL INJECTION USP (paclitaxel 100 mg per 16.7 mL solution for injection vial) SANDOZ CANADA INCORPORATED","PACLITAXEL INJECTION USP (paclitaxel 100 mg par 16,7 mL solution injectable fiole) SANDOZ CANADA INCORPORATED","9013892","paclitaxel 100 mg per 16.7 mL solution for injection vial","paclitaxel 100 mg par 16,7 mL solution injectable fiole","8002047","paclitaxel","paclitaxel"
"77700997","PACLITAXEL INJECTION USP (paclitaxel 100 mg per 16.7 mL solution for injection vial) SANDOZ CANADA INCORPORATED","PACLITAXEL INJECTION USP (paclitaxel 100 mg par 16,7 mL solution injectable fiole) SANDOZ CANADA INCORPORATED","9013892","paclitaxel 100 mg per 16.7 mL solution for injection vial","paclitaxel 100 mg par 16,7 mL solution injectable fiole","8002047","paclitaxel","paclitaxel"
"77700995","PACLITAXEL INJECTION USP (paclitaxel 100 mg per 16.7 mL solution for injection vial) SANDOZ CANADA INCORPORATED","PACLITAXEL INJECTION USP (paclitaxel 100 mg par 16,7 mL solution injectable fiole) SANDOZ CANADA INCORPORATED","9013892","paclitaxel 100 mg per 16.7 mL solution for injection vial","paclitaxel 100 mg par 16,7 mL solution injectable fiole","8002047","paclitaxel","paclitaxel"
"77700994","PACLITAXEL INJECTION USP (paclitaxel 100 mg per 16.7 mL solution for injection vial) SANDOZ CANADA INCORPORATED","PACLITAXEL INJECTION USP (paclitaxel 100 mg par 16,7 mL solution injectable fiole) SANDOZ CANADA INCORPORATED","9013892","paclitaxel 100 mg per 16.7 mL solution for injection vial","paclitaxel 100 mg par 16,7 mL solution injectable fiole","8002047","paclitaxel","paclitaxel"
"77700998","PACLITAXEL INJECTION USP (paclitaxel 100 mg per 16.7 mL solution for injection vial) ACCORD HEALTHCARE INC","PACLITAXEL INJECTION USP (paclitaxel 100 mg par 16,7 mL solution injectable fiole) ACCORD HEALTHCARE INC","9013892","paclitaxel 100 mg per 16.7 mL solution for injection vial","paclitaxel 100 mg par 16,7 mL solution injectable fiole","8002047","paclitaxel","paclitaxel"
"77700999","PACLITAXEL INJECTION USP (paclitaxel 100 mg per 16.7 mL solution for injection vial) ACCORD HEALTHCARE INC","PACLITAXEL INJECTION USP (paclitaxel 100 mg par 16,7 mL solution injectable fiole) ACCORD HEALTHCARE INC","9013892","paclitaxel 100 mg per 16.7 mL solution for injection vial","paclitaxel 100 mg par 16,7 mL solution injectable fiole","8002047","paclitaxel","paclitaxel"
"77700991","PACLITAXEL FOR INJECTION (paclitaxel 100 mg per 16.7 mL solution for injection vial) BIOLYSE PHARMA CORPORATION","PACLITAXEL FOR INJECTION (paclitaxel 100 mg par 16,7 mL solution injectable fiole) BIOLYSE PHARMA CORPORATION","9013892","paclitaxel 100 mg per 16.7 mL solution for injection vial","paclitaxel 100 mg par 16,7 mL solution injectable fiole","8002047","paclitaxel","paclitaxel"
"77700993","PACLITAXEL FOR INJECTION (paclitaxel 100 mg per 16.7 mL solution for injection vial) BIOLYSE PHARMA CORPORATION","PACLITAXEL FOR INJECTION (paclitaxel 100 mg par 16,7 mL solution injectable fiole) BIOLYSE PHARMA CORPORATION","9013892","paclitaxel 100 mg per 16.7 mL solution for injection vial","paclitaxel 100 mg par 16,7 mL solution injectable fiole","8002047","paclitaxel","paclitaxel"
"02281066","ABRAXANE FOR INJECTABLE SUSPENSION (paclitaxel 100 mg per vial powder for suspension for injection) CELGENE INC","ABRAXANE FOR INJECTABLE SUSPENSION (paclitaxel 100 mg par fiole poudre pour suspension injectable) CELGENE INC","9004208","paclitaxel 100 mg per vial powder for suspension for injection","paclitaxel 100 mg par fiole poudre pour suspension injectable","8002047","paclitaxel","paclitaxel"
"02241676","POTASSIUM CHLORIDE INJECTION (potassium (potassium chloride) 10 mmol per 100 mL solution for injection bag) BAXTER CORPORATION","POTASSIUM CHLORIDE INJECTION (potassium (chlorure de potassium) 10 mmol par 100 mL solution injectable sac) BAXTER CORPORATION","9013933","potassium (potassium chloride) 10 mmol per 100 mL solution for injection bag","potassium (chlorure de potassium) 10 mmol par 100 mL solution injectable sac","8001870","potassium chloride","chlorure de potassium"
"02485699","POTASSIUM CHLORIDE FOR INJECTION CONCENTRATE USP (potassium chloride 149 mg per mL solution for injection) B. BRAUN MEDICAL INC","POTASSIUM CHLORIDE FOR INJECTION CONCENTRATE USP (chlorure de potassium 149 mg par mL solution injectable) B. BRAUN MEDICAL INC","9001523","potassium chloride 149 mg per mL solution for injection","chlorure de potassium 149 mg par mL solution injectable","8001870","potassium chloride","chlorure de potassium"
"00037869","POTASSIUM CHLORIDE FOR INJECTION CONCENTRATE USP (potassium chloride 149 mg per mL solution for injection) PFIZER CANADA ULC","POTASSIUM CHLORIDE FOR INJECTION CONCENTRATE USP (chlorure de potassium 149 mg par mL solution injectable) PFIZER CANADA ULC","9001523","potassium chloride 149 mg per mL solution for injection","chlorure de potassium 149 mg par mL solution injectable","8001870","potassium chloride","chlorure de potassium"
"00402206","POTASSIUM CHLORIDE FOR INJECTION CONCENTRATE (potassium chloride 20 meq per 10 mL solution for injection) OMEGA LABORATORIES LIMITED","POTASSIUM CHLORIDE FOR INJECTION CONCENTRATE (chlorure de potassium 20 meq par 10 mL solution injectable) OMEGA LABORATORIES LIMITED","9001819","potassium chloride 20 meq per 10 mL solution for injection","chlorure de potassium 20 meq par 10 mL solution injectable","8001870","potassium chloride","chlorure de potassium"
"02241677","POTASSIUM CHLORIDE INJECTION (potassium chloride 20 meq per 100 mL solution for injection) BAXTER CORPORATION","POTASSIUM CHLORIDE INJECTION (chlorure de potassium 20 meq par 100 mL solution injectable) BAXTER CORPORATION","9014651","potassium chloride 20 meq per 100 mL solution for injection","chlorure de potassium 20 meq par 100 mL solution injectable","8001870","potassium chloride","chlorure de potassium"
"02480034","POTASSIUM CHLORIDE FOR INJECTION CONCENTRATE (potassium chloride 200 meq per 100 mL solution for injection) OMEGA LABORATORIES LIMITED","POTASSIUM CHLORIDE FOR INJECTION CONCENTRATE (chlorure de potassium 200 meq par 100 mL solution injectable) OMEGA LABORATORIES LIMITED","9014139","potassium chloride 200 meq per 100 mL solution for injection","chlorure de potassium 200 meq par 100 mL solution injectable","8001870","potassium chloride","chlorure de potassium"
"01905740","K + 45 (potassium chloride 251.6 g per l solution for haemodialysis) BAXTER CORPORATION","K + 45 (chlorure de potassium 251,6 g par l solution pour hémodialyse) BAXTER CORPORATION","9002321","potassium chloride 251.6 g per l solution for haemodialysis","chlorure de potassium 251,6 g par l solution pour hémodialyse","8001870","potassium chloride","chlorure de potassium"
"02241679","POTASSIUM CHLORIDE INJECTION (potassium chloride 40 meq per 100 mL solution for injection) BAXTER CORPORATION","POTASSIUM CHLORIDE INJECTION (chlorure de potassium 40 meq par 100 mL solution injectable) BAXTER CORPORATION","9014652","potassium chloride 40 meq per 100 mL solution for injection","chlorure de potassium 40 meq par 100 mL solution injectable","8001870","potassium chloride","chlorure de potassium"
"02529793","POTASSIUM CHLORIDE FOR HEMODIALYSIS 7.55 (potassium chloride 7.55 g per vial powder for concentrate for solution for haemodialysis) CHIEF MEDICAL SUPPLIES LTD","POTASSIUM CHLORIDE FOR HEMODIALYSIS 7.55 (chlorure de potassium 7,55 g par fiole poudre pour solution à diluer pour solution pour hémodialyse) CHIEF MEDICAL SUPPLIES LTD","9014785","potassium chloride 7.55 g per vial powder for concentrate for solution for haemodialysis","chlorure de potassium 7,55 g par fiole poudre pour solution à diluer pour solution pour hémodialyse","8001870","potassium chloride","chlorure de potassium"
"00804789","POTASSIUM PHOSPHATES (phosphorus (potassium phosphate dibasic and potassium phosphate monobasic) 30 mmol per 10 mL and potassium (potassium phosphate dibasic and potassium phosphate monobasic) 44 mmol per 10 mL solution for injection vial) SANDOZ CANADA INCORPORATED","POTASSIUM PHOSPHATES (phosphore (phosphate de potassium dibasique et phosphate de potassium monobasique) 30 mmol par 10 mL et potassium (phosphate de potassium dibasique et phosphate de potassium monobasique) 44 mmol par 10 mL solution injectable fiole) SANDOZ CANADA INCORPORATED","9013927","phosphorus (potassium phosphate dibasic and potassium phosphate monobasic) 30 mmol per 10 mL and potassium (potassium phosphate dibasic and potassium phosphate monobasic) 44 mmol per 10 mL solution for injection vial","phosphore (phosphate de potassium dibasique et phosphate de potassium monobasique) 30 mmol par 10 mL et potassium (phosphate de potassium dibasique et phosphate de potassium monobasique) 44 mmol par 10 mL solution injectable fiole","8002154","potassium phosphate dibasic and potassium phosphate monobasic","phosphate de potassium dibasique et phosphate de potassium monobasique"
"02139545","POTASSIUM PHOSPHATES INJECTION, USP (potassium phosphate dibasic 236 mg per mL and potassium phosphate monobasic 224 mg per mL solution for injection) FRESENIUS KABI CANADA LTD","POTASSIUM PHOSPHATES INJECTION, USP (phosphate de potassium dibasique 236 mg par mL et phosphate de potassium monobasique 224 mg par mL solution injectable) FRESENIUS KABI CANADA LTD","9002030","potassium phosphate dibasic 236 mg per mL and potassium phosphate monobasic 224 mg per mL solution for injection","phosphate de potassium dibasique 236 mg par mL et phosphate de potassium monobasique 224 mg par mL solution injectable","8002154","potassium phosphate dibasic and potassium phosphate monobasic","phosphate de potassium dibasique et phosphate de potassium monobasique"
"02181746","SODIUM ACETATE-OMEGA (sodium (sodium acetate) 4 mmol per mL solution for injection 50 mL vial) OMEGA LABORATORIES LIMITED","SODIUM ACETATE-OMEGA (sodium (acétate de sodium) 4 mmol par mL solution injectable 50 mL fiole) OMEGA LABORATORIES LIMITED","9013936","sodium (sodium acetate) 4 mmol per mL solution for injection 50 mL vial","sodium (acétate de sodium) 4 mmol par mL solution injectable 50 mL fiole","8002160","sodium acetate","acétate de sodium"
"02139529","SODIUM ACETATE INJECTION, USP (sodium acetate 328 mg per mL solution for injection) FRESENIUS KABI CANADA LTD","SODIUM ACETATE INJECTION, USP (acétate de sodium 328 mg par mL solution injectable) FRESENIUS KABI CANADA LTD","9002902","sodium acetate 328 mg per mL solution for injection","acétate de sodium 328 mg par mL solution injectable","8002160","sodium acetate","acétate de sodium"
"02403501","BICART (sodium bicarbonate 1250 g per cartridge powder for concentrate for solution for haemodialysis) BAXTER CORPORATION","BICART (bicarbonate de sodium 1250 g par cartouche poudre pour solution à diluer pour solution pour hémodialyse) BAXTER CORPORATION","9005356","sodium bicarbonate 1250 g per cartridge powder for concentrate for solution for haemodialysis","bicarbonate de sodium 1250 g par cartouche poudre pour solution à diluer pour solution pour hémodialyse","8002161","sodium bicarbonate","bicarbonate de sodium"
"02486628","SODIUM BICARBONATE INJECTION, USP (sodium bicarbonate 42 mg per mL solution for injection) FRESENIUS KABI CANADA LTD","SODIUM BICARBONATE INJECTION, USP (bicarbonate de sodium 42 mg par mL solution injectable) FRESENIUS KABI CANADA LTD","9002113","sodium bicarbonate 42 mg per mL solution for injection","bicarbonate de sodium 42 mg par mL solution injectable","8002161","sodium bicarbonate","bicarbonate de sodium"
"00038083","SODIUM BICARBONATE INJECTION USP (sodium bicarbonate 45 mmol per 50 mL solution for injection syringe) PFIZER CANADA ULC","SODIUM BICARBONATE INJECTION USP (bicarbonate de sodium 45 mmol par 50 mL solution injectable seringue) PFIZER CANADA ULC","9013937","sodium bicarbonate 45 mmol per 50 mL solution for injection syringe","bicarbonate de sodium 45 mmol par 50 mL solution injectable seringue","8002161","sodium bicarbonate","bicarbonate de sodium"
"00261971","SODIUM BICARBONATE INJECTION USP (sodium bicarbonate 5 mmol per 10 mL solution for injection syringe) PFIZER CANADA ULC","SODIUM BICARBONATE INJECTION USP (bicarbonate de sodium 5 mmol par 10 mL solution injectable seringue) PFIZER CANADA ULC","9013938","sodium bicarbonate 5 mmol per 10 mL solution for injection syringe","bicarbonate de sodium 5 mmol par 10 mL solution injectable seringue","8002161","sodium bicarbonate","bicarbonate de sodium"
"02280884","HEMA BP-38 (sodium bicarbonate 6 kg per container powder for concentrate for solution for haemodialysis) CHIEF MEDICAL SUPPLIES LTD","HEMA BP-38 (bicarbonate de sodium 6 kg par récipient poudre pour solution à diluer pour solution pour hémodialyse) CHIEF MEDICAL SUPPLIES LTD","9013614","sodium bicarbonate 6 kg per container powder for concentrate for solution for haemodialysis","bicarbonate de sodium 6 kg par récipient poudre pour solution à diluer pour solution pour hémodialyse","8002161","sodium bicarbonate","bicarbonate de sodium"
"02325586","BIBAG (sodium bicarbonate 650 g per bag powder for concentrate for solution for haemodialysis) FRESENIUS MEDICAL CARE CANADA INC","BIBAG (bicarbonate de sodium 650 g par sac poudre pour solution à diluer pour solution pour hémodialyse) FRESENIUS MEDICAL CARE CANADA INC","9014530","sodium bicarbonate 650 g per bag powder for concentrate for solution for haemodialysis","bicarbonate de sodium 650 g par sac poudre pour solution à diluer pour solution pour hémodialyse","8002161","sodium bicarbonate","bicarbonate de sodium"
"02325772","HEMACART (sodium bicarbonate 650 g per cartridge powder for concentrate for solution for haemodialysis) CHIEF MEDICAL SUPPLIES LTD","HEMACART (bicarbonate de sodium 650 g par cartouche poudre pour solution à diluer pour solution pour hémodialyse) CHIEF MEDICAL SUPPLIES LTD","9004611","sodium bicarbonate 650 g per cartridge powder for concentrate for solution for haemodialysis","bicarbonate de sodium 650 g par cartouche poudre pour solution à diluer pour solution pour hémodialyse","8002161","sodium bicarbonate","bicarbonate de sodium"
"02221616","SODIUM BICARBONATE USP FOR HEMODIALYSIS D12276 (sodium bicarbonate 650 g per sachet powder for concentrate for solution for haemodialysis) BAXTER CORPORATION","SODIUM BICARBONATE USP FOR HEMODIALYSIS D12276 (bicarbonate de sodium 650 g par sachet poudre pour solution à diluer pour solution pour hémodialyse) BAXTER CORPORATION","9013615","sodium bicarbonate 650 g per sachet powder for concentrate for solution for haemodialysis","bicarbonate de sodium 650 g par sachet poudre pour solution à diluer pour solution pour hémodialyse","8002161","sodium bicarbonate","bicarbonate de sodium"
"02403498","BICART (sodium bicarbonate 720 g per cartridge powder for concentrate for solution for haemodialysis) BAXTER CORPORATION","BICART (bicarbonate de sodium 720 g par cartouche poudre pour solution à diluer pour solution pour hémodialyse) BAXTER CORPORATION","9005343","sodium bicarbonate 720 g per cartridge powder for concentrate for solution for haemodialysis","bicarbonate de sodium 720 g par cartouche poudre pour solution à diluer pour solution pour hémodialyse","8002161","sodium bicarbonate","bicarbonate de sodium"
"02248934","BICARBONATE CONCENTRATE B38 (sodium bicarbonate 80.7 g per l solution for haemodialysis) CHIEF MEDICAL SUPPLIES LTD","BICARBONATE CONCENTRATE B38 (bicarbonate de sodium 80,7 g par l solution pour hémodialyse) CHIEF MEDICAL SUPPLIES LTD","9004056","sodium bicarbonate 80.7 g per l solution for haemodialysis","bicarbonate de sodium 80,7 g par l solution pour hémodialyse","8002161","sodium bicarbonate","bicarbonate de sodium"
"00691623","BICARBONATE CONCENTRATE D17000 (sodium bicarbonate 81.3 g per l solution for haemodialysis) BAXTER CORPORATION","BICARBONATE CONCENTRATE D17000 (bicarbonate de sodium 81,3 g par l solution pour hémodialyse) BAXTER CORPORATION","9002087","sodium bicarbonate 81.3 g per l solution for haemodialysis","bicarbonate de sodium 81,3 g par l solution pour hémodialyse","8002161","sodium bicarbonate","bicarbonate de sodium"
"00261998","SODIUM BICARBONATE INJECTION USP (sodium bicarbonate 84 mg per mL solution for injection) PFIZER CANADA ULC","SODIUM BICARBONATE INJECTION USP (bicarbonate de sodium 84 mg par mL solution injectable) PFIZER CANADA ULC","9001725","sodium bicarbonate 84 mg per mL solution for injection","bicarbonate de sodium 84 mg par mL solution injectable","8002161","sodium bicarbonate","bicarbonate de sodium"
"02486636","SODIUM BICARBONATE INJECTION, USP (sodium bicarbonate 84 mg per mL solution for injection) FRESENIUS KABI CANADA LTD","SODIUM BICARBONATE INJECTION, USP (bicarbonate de sodium 84 mg par mL solution injectable) FRESENIUS KABI CANADA LTD","9001725","sodium bicarbonate 84 mg per mL solution for injection","bicarbonate de sodium 84 mg par mL solution injectable","8002161","sodium bicarbonate","bicarbonate de sodium"
"02516225","SODIUM BICARBONATE INJECTION USP (sodium bicarbonate 84 mg per mL solution for injection) JAMP PHARMA CORPORATION","SODIUM BICARBONATE INJECTION USP (bicarbonate de sodium 84 mg par mL solution injectable) JAMP PHARMA CORPORATION","9001725","sodium bicarbonate 84 mg per mL solution for injection","bicarbonate de sodium 84 mg par mL solution injectable","8002161","sodium bicarbonate","bicarbonate de sodium"
"02467585","SODIUM BICARBONATE INJECTION USP (sodium bicarbonate 84 mg per mL solution for injection) OMEGA LABORATORIES LIMITED","SODIUM BICARBONATE INJECTION USP (bicarbonate de sodium 84 mg par mL solution injectable) OMEGA LABORATORIES LIMITED","9001725","sodium bicarbonate 84 mg per mL solution for injection","bicarbonate de sodium 84 mg par mL solution injectable","8002161","sodium bicarbonate","bicarbonate de sodium"
"02487756","BIBAG (sodium bicarbonate 900 g per bag powder for concentrate for solution for haemodialysis) FRESENIUS MEDICAL CARE CANADA INC","BIBAG (bicarbonate de sodium 900 g par sac poudre pour solution à diluer pour solution pour hémodialyse) FRESENIUS MEDICAL CARE CANADA INC","9014531","sodium bicarbonate 900 g per bag powder for concentrate for solution for haemodialysis","bicarbonate de sodium 900 g par sac poudre pour solution à diluer pour solution pour hémodialyse","8002161","sodium bicarbonate","bicarbonate de sodium"
"01974548","MICRO I (iodide (sodium iodide) 1000 mcg per 10 mL solution for injection vial) SANDOZ CANADA INCORPORATED","MICRO I (iodure (iodure de sodium) 1000 mcg par 10 mL solution injectable fiole) SANDOZ CANADA INCORPORATED","9013171","iodide (sodium iodide) 1000 mcg per 10 mL solution for injection vial","iodure (iodure de sodium) 1000 mcg par 10 mL solution injectable fiole","8001878","sodium iodide","iodure de sodium"
"02239311","ECOCARE 250 (triclosan 0.3 % cutaneous liquid) ECOLAB CO","ECOCARE 250 (triclosan 0,3 % liquide cutané) ECOLAB CO","9002392","triclosan 0.3 % cutaneous liquid","triclosan 0,3 % liquide cutané","8001976","triclosan","triclosan"
"02244052","KEYSTONE ANTIBACTERIAL FOAM HAND SOAP (triclosan 0.3 % cutaneous liquid) ECOLAB CO","KEYSTONE ANTIBACTERIAL FOAM HAND SOAP (triclosan 0,3 % liquide cutané) ECOLAB CO","9002392","triclosan 0.3 % cutaneous liquid","triclosan 0,3 % liquide cutané","8001976","triclosan","triclosan"
"02242846","DIGICLEAN ANTIBACTERIAL FOAM HAND SOAP (triclosan 0.3 % cutaneous liquid) ECOLAB CO","DIGICLEAN ANTIBACTERIAL FOAM HAND SOAP (triclosan 0,3 % liquide cutané) ECOLAB CO","9002392","triclosan 0.3 % cutaneous liquid","triclosan 0,3 % liquide cutané","8001976","triclosan","triclosan"
"00779237","BACTI-STAT 0.3% (triclosan 0.3 % cutaneous liquid) ECOLAB CO","BACTI-STAT 0.3% (triclosan 0,3 % liquide cutané) ECOLAB CO","9002392","triclosan 0.3 % cutaneous liquid","triclosan 0,3 % liquide cutané","8001976","triclosan","triclosan"
"02375168","GOJO ANTIBACTERIAL FOAM HANDWASH TRICLOSAN LIQUID (triclosan 0.3 % cutaneous liquid) GOJO INDUSTRIES, INC.","GOJO ANTIBACTERIAL FOAM HANDWASH TRICLOSAN LIQUID (triclosan 0,3 % liquide cutané) GOJO INDUSTRIES, INC.","9002392","triclosan 0.3 % cutaneous liquid","triclosan 0,3 % liquide cutané","8001976","triclosan","triclosan"
"02250985","WINNING HANDS FOAMING ANTIBACTERIAL HAND CLEANSER (triclosan 0.3 % cutaneous solution) BETCO CORPORATION","WINNING HANDS FOAMING ANTIBACTERIAL HAND CLEANSER (triclosan 0,3 % solution pour application cutanée) BETCO CORPORATION","9004093","triclosan 0.3 % cutaneous solution","triclosan 0,3 % solution pour application cutanée","8001976","triclosan","triclosan"
"02500930","BM-SAN (triclosan 0.3 % cutaneous solution) LES CHIMIQUES B.O.D. INC","BM-SAN (triclosan 0,3 % solution pour application cutanée) LES CHIMIQUES B.O.D. INC","9004093","triclosan 0.3 % cutaneous solution","triclosan 0,3 % solution pour application cutanée","8001976","triclosan","triclosan"
"02283816","ANTIBACTERIAL CLEAN & SMOOTH (triclosan 0.3 % cutaneous solution) ECOLAB CO","ANTIBACTERIAL CLEAN & SMOOTH (triclosan 0,3 % solution pour application cutanée) ECOLAB CO","9004093","triclosan 0.3 % cutaneous solution","triclosan 0,3 % solution pour application cutanée","8001976","triclosan","triclosan"
"02249340","ANTIBACTERIAL LOTION SOAP (triclosan 0.4 % NA) CHARLOTTE PRODUCTS LTD.","ANTIBACTERIAL LOTION SOAP (triclosan 0,4 % NA) CHARLOTTE PRODUCTS LTD.","9014560","triclosan 0.4 % NA","triclosan 0,4 % NA","8001976","triclosan","triclosan"
"00266507","ADASEPT LIQ 0.5% (triclosan 0.5 % cutaneous liquid) ODAN LABORATORIES LTD","ADASEPT LIQ 0.5% (triclosan 0,5 % liquide cutané) ODAN LABORATORIES LTD","9001709","triclosan 0.5 % cutaneous liquid","triclosan 0,5 % liquide cutané","8001976","triclosan","triclosan"
"02267373","INO-F ANTIBAC ANTIBACTERIAL HAND SOAP (triclosan 0.5 % cutaneous liquid) GROUPE DISSAN INC.","INO-F ANTIBAC ANTIBACTERIAL HAND SOAP (triclosan 0,5 % liquide cutané) GROUPE DISSAN INC.","9001709","triclosan 0.5 % cutaneous liquid","triclosan 0,5 % liquide cutané","8001976","triclosan","triclosan"
