drug_code,unit_of_presentation,uop_size,uop_unit_of_measure,calculation,uop_size_insert,DIN,Product_and_Company_Name,
69790,vial,10,mL,N,Y,2245689,LANTUS SANOFI-AVENTIS CANADA INC,
73683,cartridge,3,mL,N,Y,2251930,LANTUS SANOFI-AVENTIS CANADA INC,
93005,cartridge,3,mL,N,Y,2444844,BASAGLAR ELI LILLY CANADA INC,
77967,pen,3,mL,N,Y,2294338,LANTUS SANOFI-AVENTIS CANADA INC,
93006,pen,3,mL,N,Y,2444852,BASAGLAR ELI LILLY CANADA INC,
71180,vial,3,mL,Y,N,2246953,AMIODARONE FOR INJECTION 50MG/ML TEVA CANADA LIMITED,
66036,vial,3,mL,Y,N,2242325,AMIODARONE HYDROCHLORIDE FOR INJECTION SANDOZ CANADA INCORPORATED,
86000,syringe,3,mL,Y,N,2374684,AMIODARONE SYRINGE SANDOZ CANADA INCORPORATED,
66036,vial,9,mL,Y,N,2242325,AMIODARONE HYDROCHLORIDE FOR INJECTION SANDOZ CANADA INCORPORATED,
71180,vial,18,mL,Y,N,2246953,AMIODARONE FOR INJECTION 50MG/ML TEVA CANADA LIMITED,
66036,vial,18,mL,Y,N,2242325,AMIODARONE HYDROCHLORIDE FOR INJECTION SANDOZ CANADA INCORPORATED,
69271,vial,3,mL,Y,N,2245248,AMIODARONE HYDROCHLORIDE INJECTION FRESENIUS KABI CANADA LTD,
19798,unit dose vial,1,mL,Y,N,2097168,RATIO-IPRATROPIUM UDV TEVA CANADA LIMITED,
19798,unit dose vial,2,mL,Y,N,2097168,RATIO-IPRATROPIUM UDV TEVA CANADA LIMITED,
50443,bottle,20,mL,N,Y,2231136,PMS-IPRATROPIUM PHARMASCIENCE INC,
50551,unit dose vial,1,mL,Y,N,2231244,PMS-IPRATROPIUM PHARMASCIENCE INC,
50552,unit dose vial,2,mL,Y,N,2231245,PMS-IPRATROPIUM PHARMASCIENCE INC,
43176,unit dose vial,1,mL,Y,N,2216221,TEVA-IPRATROPIUM STERINEBS TEVA CANADA LIMITED,
43176,unit dose vial,2,mL,Y,N,2216221,TEVA-IPRATROPIUM STERINEBS TEVA CANADA LIMITED,
62586,bottle,20,mL,N,Y,2239131,MYLAN-IPRATROPIUM SOLUTION MYLAN PHARMACEUTICALS ULC,
62586,unit dose vial,1,mL,Y,N,2239131,MYLAN-IPRATROPIUM SOLUTION MYLAN PHARMACEUTICALS ULC,
62586,unit dose vial,2,mL,Y,N,2239131,MYLAN-IPRATROPIUM SOLUTION MYLAN PHARMACEUTICALS ULC,
50824,unit dose vial,2,mL,Y,N,2231494,APO-IPRAVENT STERULES APOTEX INC,
16947,bottle,20,mL,N,Y,2126222,APO-IPRAVENT SOLUTION - INH 250MCG/ML APOTEX INC,
67766,unit dose vial,2,mL,Y,N,2243827,APO-IPRAVENT STERULES APOTEX INC,
43798,unit dose vial,2,mL,Y,N,2097176,RATIO-IPRATROPIUM UDV TEVA CANADA LIMITED,
50442,unit dose vial,2,mL,Y,N,2231135,PMS-IPRATROPIUM PHARMASCIENCE INC,
69797,vial,3,mL,Y,N,2245696,AMIODARONE HYDROCHLORIDE FOR INJECTION WITH PRESERVATIVE HOSPIRA HEALTHCARE CORPORATION,
69797,vial,6,mL,Y,N,2245696,AMIODARONE HYDROCHLORIDE FOR INJECTION WITH PRESERVATIVE HOSPIRA HEALTHCARE CORPORATION,
60208,vial,20,mL,Y,N,2236916,ACYCLOVIR SODIUM INJECTION HOSPIRA HEALTHCARE CORPORATION,
60218,vial,10,mL,Y,N,2236926,ACYCLOVIR SODIUM INJECTION FRESENIUS KABI CANADA LTD,
60218,vial,20,mL,Y,N,2236926,ACYCLOVIR SODIUM INJECTION FRESENIUS KABI CANADA LTD,
17277,ampoule,1,mL,Y,N,2131048,LIORESAL INTRATHECAL 0.05MG/ML NOVARTIS PHARMACEUTICALS CANADA INC,
89827,ampoule,1,mL,Y,N,2413620,VAL-BACLOFEN INTRATHECAL VALEANT CANADA LP/VALEANT CANADA S.E.C.,
17954,ampoule,20,mL,Y,N,2131056,LIORESAL INTRATHECAL 0.5MG/ML NOVARTIS PHARMACEUTICALS CANADA INC,
89828,ampoule,20,mL,N,N,2413639,VAL-BACLOFEN INTRATHECAL VALEANT CANADA LP/VALEANT CANADA S.E.C.,
17276,ampoule,5,mL,Y,N,2131064,LIORESAL INTRATHECAL 2MG/ML NOVARTIS PHARMACEUTICALS CANADA INC,
89829,ampoule,5,mL,N,N,2413647,VAL-BACLOFEN INTRATHECAL VALEANT CANADA LP/VALEANT CANADA S.E.C.,
62344,vial,2,mL,Y,N,2238903,BENZTROPINE OMEGA OMEGA LABORATORIES LTD,
69787,ampoule,1,mL,Y,N,2245686,CALCITRIOL INJECTION FRESENIUS KABI CANADA LTD,
88422,ampoule,1,mL,Y,N,2399334,CALCITRIOL INJECTION USP STERIMAX INC,
88423,ampoule,2,mL,Y,N,2399342,CALCITRIOL INJECTION USP STERIMAX INC,
4232,ampoule,1,mL,Y,N,497282,CODEINE PHOSPHATE INJ 30MG/ML HOSPIRA HEALTHCARE CORPORATION,
4806,ampoule,1,mL,Y,N,544884,CODEINE PHOSPHATE INJECTION USP  SANDOZ CANADA INCORPORATED,
4233,ampoule,1,mL,Y,N,497290,CODEINE PHOSPHATE INJ 60MG/ML HOSPIRA HEALTHCARE CORPORATION,
3721,ampoule,2,mL,N,N,399728,DIAZEPAM INJECTION USP SANDOZ CANADA INCORPORATED,
67132,syringe,2,mL,N,N,2243240,DIAZEPAM AUTOINJECTOR MERIDIAN MEDICAL TECHNOLOGIES INC.,
87102,ampoule,2,mL,Y,N,2385392,DIAZEPAM INJECTION USP ALVEDA PHARMACEUTICALS INC,
87173,ampoule,2,mL,N,N,2386143,DIAZEPAM INJECTION SDZ SANDOZ CANADA INCORPORATED,
15756,ampoule,1,mL,Y,N,2048272,PEDIATRIC DIGOXIN INJECTION C.S.D. SANDOZ CANADA INCORPORATED,
15757,ampoule,2,mL,N,N,2048264,DIGOXIN INJECTION C.S.D. SANDOZ CANADA INCORPORATED,
49026,vial,5,mL,Y,N,2230274,DILTIAZEM HYDROCHLORIDE INJECTION TEVA CANADA LIMITED,
49026,vial,10,mL,Y,N,2230274,DILTIAZEM HYDROCHLORIDE INJECTION TEVA CANADA LIMITED,
68717,vial,5,mL,Y,N,2244728,DILTIAZEM HYDROCHLORIDE INJECTION SANDOZ CANADA INCORPORATED,
68717,vial,10,mL,Y,N,2244728,DILTIAZEM HYDROCHLORIDE INJECTION SANDOZ CANADA INCORPORATED,
12650,vial,2,mL,Y,N,1923846,VASOTEC IV SANDOZ CANADA INCORPORATED,
87402,vial,1,mL,Y,N,2388499,ENALAPRILAT INJECTION USP STERIMAX INC,
87402,vial,2,mL,Y,N,2388499,ENALAPRILAT INJECTION USP STERIMAX INC,
12664,ampoule,2,mL,Y,N,888346,FENTANYL CITRATE INJECTION HOSPIRA HEALTHCARE CORPORATION,
12664,ampoule,5,mL,Y,N,888346,FENTANYL CITRATE INJECTION HOSPIRA HEALTHCARE CORPORATION,
12664,ampoule,10,mL,Y,N,888346,FENTANYL CITRATE INJECTION HOSPIRA HEALTHCARE CORPORATION,
12664,ampoule,20,mL,Y,N,888346,FENTANYL CITRATE INJECTION HOSPIRA HEALTHCARE CORPORATION,
12664,vial,10,mL,Y,N,888346,FENTANYL CITRATE INJECTION HOSPIRA HEALTHCARE CORPORATION,
12664,vial,20,mL,Y,N,888346,FENTANYL CITRATE INJECTION HOSPIRA HEALTHCARE CORPORATION,
63983,ampoule,2,mL,Y,N,2240434,FENTANYL CITRATE INJECTION USP SANDOZ CANADA INCORPORATED,
63983,vial,5,mL,Y,N,2240434,FENTANYL CITRATE INJECTION USP SANDOZ CANADA INCORPORATED,
63983,vial,10,mL,Y,N,2240434,FENTANYL CITRATE INJECTION USP SANDOZ CANADA INCORPORATED,
63983,vial,20,mL,Y,N,2240434,FENTANYL CITRATE INJECTION USP SANDOZ CANADA INCORPORATED,
63983,vial,50,mL,Y,N,2240434,FENTANYL CITRATE INJECTION USP SANDOZ CANADA INCORPORATED,
86987,ampoule,2,mL,Y,N,2384124,FENTANYL CITRATE INJECTION SDZ SANDOZ CANADA INCORPORATED,
86987,ampoule,10,mL,Y,N,2384124,FENTANYL CITRATE INJECTION SDZ SANDOZ CANADA INCORPORATED,
87103,ampoule,2,mL,Y,N,2385406,FENTANYL CITRATE INJECTION USP ALVEDA PHARMACEUTICALS INC,
87103,ampoule,10,mL,Y,N,2385406,FENTANYL CITRATE INJECTION USP ALVEDA PHARMACEUTICALS INC,
12218,vial,25,mL,N,Y,401633,FUROSEMIDE SPECIAL SANDOZ CANADA INCORPORATED,
4431,ampoule,2,mL,Y,N,527033,FUROSEMIDE INJ USP SANDOZ CANADA INCORPORATED,
4431,ampoule,4,mL,Y,N,527033,FUROSEMIDE INJ USP SANDOZ CANADA INCORPORATED,
4910,ampoule,2,mL,Y,N,565040,FUROSEMIDE INJECTION USP HOSPIRA HEALTHCARE CORPORATION,
4910,ampoule,4,mL,Y,N,565040,FUROSEMIDE INJECTION USP HOSPIRA HEALTHCARE CORPORATION,
4910,syringe,2,mL,Y,N,565040,FUROSEMIDE INJECTION USP HOSPIRA HEALTHCARE CORPORATION,
4910,syringe,4,mL,Y,N,565040,FUROSEMIDE INJECTION USP HOSPIRA HEALTHCARE CORPORATION,
84533,vial,2,mL,Y,N,2360365,FUROSEMIDE INJECTION OMEGA LABORATORIES LTD,
84533,vial,4,mL,Y,N,2360365,FUROSEMIDE INJECTION OMEGA LABORATORIES LTD,
84539,vial,25,mL,N,Y,2360446,FUROSEMIDE SPECIAL INJECTION OMEGA LABORATORIES LTD,
86837,ampoule,2,mL,Y,N,2382539,FUROSEMIDE INJECTION SDZ SANDOZ CANADA INCORPORATED,
86837,ampoule,4,mL,Y,N,2382539,FUROSEMIDE INJECTION SDZ SANDOZ CANADA INCORPORATED,
86984,ampoule,2,mL,N,N,2384094,FUROSEMIDE INJECTION USP TELIGENT OU,
16902,ampoule,1,mL,Y,N,2130300,HALOPERIDOL LA SANDOZ CANADA INCORPORATED,
16902,vial,5,mL,Y,N,2130300,HALOPERIDOL LA SANDOZ CANADA INCORPORATED,
49967,vial,1,mL,Y,N,2230708,PMS-HALOPERIDOL-LA PHARMASCIENCE INC,
49967,vial,5,mL,Y,N,2230708,PMS-HALOPERIDOL-LA PHARMASCIENCE INC,
16901,vial,5,mL,Y,N,2130297,HALOPERIDOL LA SANDOZ CANADA INCORPORATED,
49965,vial,5,mL,Y,N,2230707,PMS-HALOPERIDOL-LA PHARMASCIENCE INC,
10026,ampoule,1,mL,Y,N,808652,HALOPERIDOL INJ 5MG/ML USP SANDOZ CANADA INCORPORATED,
85088,vial,1,mL,Y,N,2366010,HALOPERIDOL INJECTION OMEGA LABORATORIES LTD,
89112,vial,1,mL,Y,N,2406411,HALOPERIDOL INJECTION, USP FRESENIUS KABI CANADA LTD
89112,vial,10,mL,Y,N,2406411,HALOPERIDOL INJECTION, USP FRESENIUS KABI CANADA LTD
63112,vial,1,mL,Y,N,2239640,HALOPERIDOL-LA OMEGA OMEGA LABORATORIES LTD,
63111,vial,5,mL,Y,N,2239639,HALOPERIDOL-LA OMEGA OMEGA LABORATORIES LTD,
5936,vial,1,mL,Y,N,622133,DILAUDID HP PURDUE PHARMA,
5936,vial,5,mL,Y,N,622133,DILAUDID HP PURDUE PHARMA,
5936,vial,50,mL,N,Y,622133,DILAUDID HP PURDUE PHARMA,
18323,vial,1,mL,Y,N,2145928,HYDROMORPHONE HP 10 SANDOZ CANADA INCORPORATED,
18323,vial,5,mL,Y,N,2145928,HYDROMORPHONE HP 10 SANDOZ CANADA INCORPORATED,
18323,vial,10,mL,Y,N,2145928,HYDROMORPHONE HP 10 SANDOZ CANADA INCORPORATED,
18323,vial,50,mL,N,Y,2145928,HYDROMORPHONE HP 10 SANDOZ CANADA INCORPORATED,
86845,vial,1,mL,Y,N,2382636,HYDROMORPHONE HYDROCHLORIDE INJECTION USP HP 10 HOSPIRA HEALTHCARE CORPORATION,
86845,vial,5,mL,Y,N,2382636,HYDROMORPHONE HYDROCHLORIDE INJECTION USP HP 10 HOSPIRA HEALTHCARE CORPORATION,
86845,vial,50,mL,N,Y,2382636,HYDROMORPHONE HYDROCHLORIDE INJECTION USP HP 10 HOSPIRA HEALTHCARE CORPORATION,
94804,ampoule,1,mL,Y,N,2460610,HYDROMORPHONE HYDROCHLORIDE INJECTION HP 10 STERIMAX INC,
94804,ampoule,10,mL,Y,N,2460610,HYDROMORPHONE HYDROCHLORIDE INJECTION HP 10 STERIMAX INC,
68787,vial,10,mL,N,N,2244797,HYDROMORPHONE HP FORTE INJECTION SANDOZ CANADA INCORPORATED,
5937,ampoule,1,mL,Y,N,627100,DILAUDID PURDUE PHARMA,
18315,ampoule,1,mL,Y,N,2145901,HYDROMORPHONE HYDROCHLORIDE INJECTION USP SANDOZ CANADA INCORPORATED,
94803,ampoule,1,mL,Y,N,2460602,HYDROMORPHONE HYDROCHLORIDE INJECTION STERIMAX INC,
18324,vial,1,mL,Y,N,2146126,HYDROMORPHONE HP 50 SANDOZ CANADA INCORPORATED,
18324,vial,5,mL,Y,N,2146126,HYDROMORPHONE HP 50 SANDOZ CANADA INCORPORATED,
18324,vial,10,mL,Y,N,2146126,HYDROMORPHONE HP 50 SANDOZ CANADA INCORPORATED,
18324,vial,50,mL,N,Y,2146126,HYDROMORPHONE HP 50 SANDOZ CANADA INCORPORATED,
44090,ampoule,1,mL,Y,N,2162644,TORADOL IM ATNAHS PHARMA UK LIMITED,
63447,vial,1,mL,Y,N,2239944,KETOROLAC TROMETHAMINE INJECTION USP SANDOZ CANADA INCORPORATED,
68945,vial,1,mL,Y,N,2244947,KETOROLAC TROMETHAMINE INJECTION, USP FRESENIUS KABI CANADA LTD
68945,vial,2,mL,Y,N,2244947,KETOROLAC TROMETHAMINE INJECTION, USP FRESENIUS KABI CANADA LTD
87600,vial,1,mL,Y,N,2390582,KETOROLAC TROMETHAMINE INJECTION, USP  HOSPIRA HEALTHCARE CORPORATION
92801,vial,1,mL,Y,N,2443376,KETOROLAC TROMETHAMINE INJECTION, USP MDA INC.
67933,vial,1,mL,Y,N,2243989,APO-KETOROLAC INJECTABLE APOTEX INC,
92310,vial,1,mL,Y,N,2438704,LORAZEPAM INJECTION USP SANDOZ CANADA INCORPORATED,
67176,vial,1,mL,Y,N,2243278,LORAZEPAM INJECTION USP SANDOZ CANADA INCORPORATED,
87417,vial,1,mL,Y,N,2388669,LORAZEPAM INJECTION USP HOSPIRA HEALTHCARE CORPORATION,
19667,vial,1,mL,Y,N,585092,DEPO-PROVERA STERILE AQUEOUS SUSPENSION 150 MG/ML PFIZER CANADA INC,
80771,vial,1,mL,Y,N,2322250,MEDROXYPROGESTERONE ACETATE INJECTABLE SUSPENSION USP SANDOZ CANADA INCORPORATED,
441,vial,5,mL,Y,N,30848,DEPO-PROVERA STERILE AQUEOUS SUSPENSION 50 MG/ML PFIZER CANADA INC,
19409,vial,2,mL,Y,N,2185431,METOCLOPRAMIDE HYDROCHLORIDE INJECTION SANDOZ CANADA INCORPORATED,
19409,vial,10,mL,Y,N,2185431,METOCLOPRAMIDE HYDROCHLORIDE INJECTION SANDOZ CANADA INCORPORATED,
19409,vial,30,mL,Y,N,2185431,METOCLOPRAMIDE HYDROCHLORIDE INJECTION SANDOZ CANADA INCORPORATED,
67481,vial,2,mL,Y,N,2243563,METOCLOPRAMIDE OMEGA OMEGA LABORATORIES LTD,
67481,vial,10,mL,Y,N,2243563,METOCLOPRAMIDE OMEGA OMEGA LABORATORIES LTD,
67481,vial,30,mL,Y,N,2243563,METOCLOPRAMIDE OMEGA OMEGA LABORATORIES LTD,
7357,ampoule,5,mL,Y,N,590819,LOPRESOR INJ 1.0MG/ML NOVARTIS PHARMACEUTICALS CANADA INC,
75326,vial,5,mL,Y,N,2267853,METOPROLOL TARTRATE INJECTION USP SANDOZ CANADA INCORPORATED,
7425,bag,100,mL,Y,N,649074,METRONIDAZOLE INJECTION USP HOSPIRA HEALTHCARE CORPORATION,
10871,bag,100,mL,Y,N,870420,METRONIDAZOLE 5MG/ML INJECTION BAXTER CORPORATION,
10871,bag,300,mL,Y,N,870420,METRONIDAZOLE 5MG/ML INJECTION BAXTER CORPORATION,
10705,vial,10,mL,N,N,614262,NITROJECT INJ 1MG/ML OMEGA LABORATORIES LTD,
10706,vial,10,mL,N,N,778869,NITROJECT INJ 5MG/ML OMEGA LABORATORIES LTD,
12697,ampoule,2,mL,Y,N,497304,PHENYTOIN SODIUM INJ 50MG/ML USP HOSPIRA HEALTHCARE CORPORATION,
12697,ampoule,5,mL,Y,N,497304,PHENYTOIN SODIUM INJ 50MG/ML USP HOSPIRA HEALTHCARE CORPORATION,
13063,vial,2,mL,Y,N,498335,TREMYTOINE INJ 50MG/ML OMEGA LABORATORIES LTD,
13063,vial,5,mL,Y,N,498335,TREMYTOINE INJ 50MG/ML OMEGA LABORATORIES LTD,
9398,ampoule,2,mL,Y,N,780626,PHENYTOIN SODIUM INJECTION USP SANDOZ CANADA INCORPORATED,
9398,ampoule,5,mL,Y,N,780626,PHENYTOIN SODIUM INJECTION USP SANDOZ CANADA INCORPORATED,
91579,vial,2,mL,Y,N,2431378,PHENYTOIN SODIUM INJECTION, USP STERIMAX INC
91579,vial,5,mL,Y,N,2431378,PHENYTOIN SODIUM INJECTION, USP STERIMAX INC
43094,vial,2,mL,N,N,2212366,ZANTAC GLAXOSMITHKLINE INC,
74194,vial,2,mL,N,N,2256711,RANITIDINE INJECTION USP SANDOZ CANADA INCORPORATED,
43104,ampoule,5,mL,Y,N,2213451,VENTOLIN I.V. INFUSION SOLUTION 5.0MG SALBUTAMOL IN 5ML (1000MCG/ML) GLAXOSMITHKLINE INC,
43078,syringe,0.5,mL,N,N,2212188,IMITREX INJECTION 12MG/ML GLAXOSMITHKLINE INC,
84675,syringe,0.5,mL,N,N,2361698,TARO-SUMATRIPTAN TARO PHARMACEUTICALS INC,
1398,vial,10,mL,Y,N,30783,DEPO-TESTOSTERONE INJ 100MG/ML PFIZER CANADA INC,
13410,ampoule,2,mL,Y,N,1977601,TESTOSTERONE CYPIONATE INJECTION, USP STERIMAX INC
1275,ampoule,5,mL,Y,N,29246,DELATESTRYL VALEANT CANADA LP/VALEANT CANADA S.E.C.,
15482,vial,5,mL,Y,N,1999761,KENALOG-10 INJECTION 10MG/ML BRISTOL-MYERS SQUIBB CANADA,
15481,vial,1,mL,Y,N,1999869,KENALOG-40 INJECTION 40MG/ML BRISTOL-MYERS SQUIBB CANADA,
15481,vial,5,mL,Y,N,1999869,KENALOG-40 INJECTION 40MG/ML BRISTOL-MYERS SQUIBB CANADA,
85366,vial,1,mL,Y,N,2368676,TRIESENCE NOVARTIS PHARMACEUTICALS CANADA INC,
17234,vial,2,mL,Y,N,839299,VERAPAMIL HYDROCHLORIDE INJECTION, USP HOSPIRA HEALTHCARE CORPORATION
17234,vial,4,mL,Y,N,839299,VERAPAMIL HYDROCHLORIDE INJECTION, USP HOSPIRA HEALTHCARE CORPORATION
17234,ampoule,4,mL,Y,N,839299,VERAPAMIL HYDROCHLORIDE INJECTION, USP HOSPIRA HEALTHCARE CORPORATION
18614,vial,2,mL,Y,N,2166739,VERAPAMIL HYDROCHLORIDE INJECTION USP SANDOZ CANADA INCORPORATED,
89326,bag,50,mL,Y,N,2408511,CLINDAMYCIN IV INFUSION 600MG/50ML MINIBAGS. SINGLE USE SANDOZ CANADA INCORPORATED,
1620,vial,2,mL,Y,N,260436,DALACIN C PHOSPHATE PFIZER CANADA INC,
1620,vial,4,mL,Y,N,260436,DALACIN C PHOSPHATE PFIZER CANADA INC,
1620,vial,6,mL,Y,N,260436,DALACIN C PHOSPHATE PFIZER CANADA INC,
1620,vial,60,mL,N,Y,260436,DALACIN C PHOSPHATE PFIZER CANADA INC,
18964,vial,2,mL,Y,N,2139286,CLINDAMYCIN INJECTION FRESENIUS KABI CANADA LTD,
18964,vial,4,mL,Y,N,2139286,CLINDAMYCIN INJECTION FRESENIUS KABI CANADA LTD,
18964,vial,6,mL,Y,N,2139286,CLINDAMYCIN INJECTION FRESENIUS KABI CANADA LTD,
18964,vial,60,mL,N,Y,2139286,CLINDAMYCIN INJECTION FRESENIUS KABI CANADA LTD,
87133,vial,2,mL,Y,N,2385716,CLINDAMYCIN INJECTION SDZ SANDOZ CANADA INCORPORATED,
87133,vial,4,mL,Y,N,2385716,CLINDAMYCIN INJECTION SDZ SANDOZ CANADA INCORPORATED,
87133,vial,6,mL,Y,N,2385716,CLINDAMYCIN INJECTION SDZ SANDOZ CANADA INCORPORATED,
89327,bag,50,mL,Y,N,2408538,CLINDAMYCIN IV INFUSION 900MG/50ML MINIBAGS. SINGLE USE SANDOZ CANADA INCORPORATED,
940,ampoule,1,mL,Y,N,155357,ADRENALIN CHLORIDE SOL 1:1000 AMP ERFA CANADA 2012 INC,
940,ampoule,30,mL,Y,N,155357,ADRENALIN CHLORIDE SOL 1:1000 AMP ERFA CANADA 2012 INC,
8352,syringe,10,mL,N,N,710814,EPINEPHRINE INJ 0.1MG/ML USP HOSPIRA HEALTHCARE CORPORATION,
79244,syringe,0.3,mL,N,N,2306743,ANAPEN JUNIOR LINCOLN MEDICAL LIMITED,
79245,syringe,0.3,mL,N,N,2306751,ANAPEN LINCOLN MEDICAL LIMITED,
5970,syringe,0.3,mL,N,N,578657,EPIPEN JR MYLAN SPECIALTY LP,
91538,syringe,0.3,mL,N,N,2430959,TARO-EPINEPHRINE AUTO-INJECTOR TARO PHARMACEUTICALS INC,
9164,ampoule,1,mL,Y,N,721891,EPINEPHRINE INJ 1MG/ML USP HOSPIRA HEALTHCARE CORPORATION,
3883,syringe,0.3,mL,N,N,509558,EPIPEN MYLAN SPECIALTY LP,
81063,ampoule,1,mL,Y,N,2325225,EPINEPHRINE INJECTION USP 1 MG/ML ALVEDA PHARMACEUTICALS INC,
91537,syringe,0.3,mL,N,N,2430940,TARO-EPINEPHRINE AUTO-INJECTOR TARO PHARMACEUTICALS INC,
92016,ampoule,1,mL,Y,N,2435810,EPINEPHRINE INJECTION TELIGENT OU,
44261,vial,2,mL,Y,N,2182947,METHOTREXATE INJECTION USP HOSPIRA HEALTHCARE CORPORATION,
80550,syringe,1,mL,Y,N,2320037,METOJECT MEDEXUS INC,
80551,syringe,1.5,mL,N,N,2320045,METOJECT MEDEXUS INC,
80549,syringe,0.75,mL,N,N,2320029,METOJECT MEDEXUS INC,
94145,syringe,0.35,mL,N,N,2454769,METOJECT SUBCUTANEOUS MEDEXUS INC,
94163,syringe,0.4,mL,N,N,2454866,METOJECT SUBCUTANEOUS MEDEXUS INC,
94146,syringe,0.45,mL,N,N,2454777,METOJECT SUBCUTANEOUS MEDEXUS INC,
94164,syringe,0.5,mL,N,N,2454874,METOJECT SUBCUTANEOUS MEDEXUS INC,
19681,vial,2,mL,Y,N,2099705,METHOTREXATE SODIUM INJECTION TEVA CANADA LIMITED,
19681,vial,20,mL,Y,N,2099705,METHOTREXATE SODIUM INJECTION TEVA CANADA LIMITED,
19681,vial,40,mL,Y,N,2099705,METHOTREXATE SODIUM INJECTION TEVA CANADA LIMITED,
42844,vial,20,mL,Y,N,2182777,METHOTREXATE INJECTION USP HOSPIRA HEALTHCARE CORPORATION,
44262,vial,2,mL,Y,N,2182955,METHOTREXATE INJECTION USP HOSPIRA HEALTHCARE CORPORATION,
44264,vial,40,mL,Y,N,2182971,METHOTREXATE INJECTION USP HOSPIRA HEALTHCARE CORPORATION,
88338,vial,2,mL,Y,N,2398427,METHOTREXATE INJECTION USP SANDOZ CANADA INCORPORATED,
88338,vial,20,mL,Y,N,2398427,METHOTREXATE INJECTION USP SANDOZ CANADA INCORPORATED,
90222,vial,2,mL,Y,N,2417626,METHOTREXATE INJECTION, USP MYLAN PHARMACEUTICALS ULC
90222,vial,40,mL,Y,N,2417626,METHOTREXATE INJECTION, USP MYLAN PHARMACEUTICALS ULC
90372,vial,2,mL,Y,N,2419173,JAMP-METHOTREXATE JAMP PHARMA CORPORATION,
90372,vial,40,mL,Y,N,2419173,JAMP-METHOTREXATE JAMP PHARMA CORPORATION,
90688,syringe,0.4,mL,N,N,2422174,METHOTREXATE INJECTION, BP PHARMASCIENCE INC
90689,syringe,0.6,mL,N,N,2422182,METHOTREXATE INJECTION, BP PHARMASCIENCE INC
90690,syringe,0.8,mL,N,N,2422190,METHOTREXATE INJECTION, BP PHARMASCIENCE INC
81253,vial,2,mL,Y,N,2327236,METHOTREXATE INJECTION, BP ACCORD HEALTHCARE INC
81253,vial,20,mL,Y,N,2327236,METHOTREXATE INJECTION, BP ACCORD HEALTHCARE INC
81253,vial,40,mL,Y,N,2327236,METHOTREXATE INJECTION, BP ACCORD HEALTHCARE INC
90691,syringe,1,mL,Y,N,2422204,METHOTREXATE INJECTION, BP PHARMASCIENCE INC
90687,syringe,0.3,mL,N,N,2422166,METHOTREXATE INJECTION, BP PHARMASCIENCE INC
12968,ampoule,10,mL,Y,N,1949047,MORPHINE-EPD INJECTION 0.5MG/ML USP HOSPIRA HEALTHCARE CORPORATION,
13966,ampoule,10,mL,Y,N,2021056,MORPHINE LP EPIDURAL SANDOZ CANADA INCORPORATED,
6871,vial,30,mL,Y,N,636908,MORPHINE SULFATE INJECTION 1MG/ML HOSPIRA HEALTHCARE CORPORATION,
12728,ampoule,5,mL,Y,N,1949055,MORPHINE-EPD INJECTION 1MG/ML USP HOSPIRA HEALTHCARE CORPORATION,
14020,ampoule,5,mL,Y,N,2021048,MORPHINE LP EPIDURAL SANDOZ CANADA INCORPORATED,
12991,ampoule,1,mL,Y,N,850322,MORPHINE SULFATE INJECTION 10MG/ML USP HOSPIRA HEALTHCARE CORPORATION,
86878,ampoule,1,mL,Y,N,2382997,MORPHINE SULFATE INJECTION SDZ SANDOZ CANADA INCORPORATED,
86878,ampoule,5,mL,Y,N,2382997,MORPHINE SULFATE INJECTION SDZ SANDOZ CANADA INCORPORATED,
12992,ampoule,1,mL,Y,N,850330,MORPHINE SULFATE INJECTION 15MG/ML USP HOSPIRA HEALTHCARE CORPORATION,
3042,ampoule,1,mL,Y,N,392561,MORPHINE SULFATE INJ 15MG/ML USP SANDOZ CANADA INCORPORATED,
12990,ampoule,1,mL,Y,N,850314,MORPHINE SULFATE INJECTION 2MG/ML USP HOSPIRA HEALTHCARE CORPORATION,
12701,ampoule,1,mL,Y,N,869317,MORPHINE FORTE INJECTION 25MG/ML USP HOSPIRA HEALTHCARE CORPORATION,
12701,ampoule,4,mL,Y,N,869317,MORPHINE FORTE INJECTION 25MG/ML USP HOSPIRA HEALTHCARE CORPORATION,
7136,vial,30,mL,Y,N,649619,MORPHINE SULFATE INJECTION 5MG/ML USP HOSPIRA HEALTHCARE CORPORATION,
12702,ampoule,1,mL,Y,N,869325,MORPHINE EXTRA FORTE INJECTION 50MG/ML USP HOSPIRA HEALTHCARE CORPORATION,
12702,vial,20,mL,N,Y,869325,MORPHINE EXTRA FORTE INJECTION 50MG/ML USP HOSPIRA HEALTHCARE CORPORATION,
12702,vial,50,mL,N,Y,869325,MORPHINE EXTRA FORTE INJECTION 50MG/ML USP HOSPIRA HEALTHCARE CORPORATION,
43511,unit dose vial,2,mL,Y,N,2229099,PULMICORT NEBUAMP 0.125 MG/ML ASTRAZENECA CANADA INC,
13191,unit dose vial,2,mL,Y,N,1978918,PULMICORT NEBUAMP 0.25 MG/ML ASTRAZENECA CANADA INC,
13190,unit dose vial,2,mL,Y,N,1978926,PULMICORT NEBUAMP 0.5 MG/ML ASTRAZENECA CANADA INC,
19761,unit dose vial,2.5,mL,Y,N,2208245,PMS-SALBUTAMOL PHARMASCIENCE INC,
60224,unit dose vial,2.5,mL,Y,N,2236931,PHL-SALBUTAMOL RESPIRATOR SOLUTION PHARMEL INC,
62834,unit dose vial,2.5,mL,Y,N,2239365,RATIO-SALBUTAMOL TEVA CANADA LIMITED,
67769,unit dose vial,2.5,mL,Y,N,2243828,APO-SALVENT STERULES APOTEX INC,
13550,unit dose vial,2.5,mL,Y,N,1926934,TEVA-SALBUTAMOL STERINEBS P.F. TEVA CANADA LIMITED,
13668,bottle,10,mL,N,Y,1986864,RATIO-SALBUTAMOL TEVA CANADA LIMITED,
19763,unit dose vial,2.5,mL,Y,N,2208229,PMS-SALBUTAMOL PHARMASCIENCE INC,
50819,unit dose vial,2.5,mL,Y,N,2231488,APO-SALVENT STERULES APOTEX INC,
43194,unit dose vial,2.5,mL,Y,N,2216949,DOM-SALBUTAMOL RESPIRATOR SOLUTION-1MG/ML DOMINION PHARMACAL,
60225,unit dose vial,2.5,mL,Y,N,2236932,PHL-SALBUTAMOL RESPIRATOR SOLUTION [salbutamol (salbutamol sulfate) 1 mg per mL inhalation solution] PHARMEL INC,
43100,unit dose vial,2.5,mL,N,N,2213419,VENTOLIN NEBULES P.F. - 2.5MG/2.5ML GLAXOSMITHKLINE INC,
19058,unit dose vial,2.5,mL,Y,N,2173360,TEVA-SALBUTAMOL STERINEBS P.F. TEVA CANADA LIMITED,
19762,unit dose vial,2.5,mL,Y,N,2208237,PMS-SALBUTAMOL PHARMASCIENCE INC,
51054,unit dose vial,2.5,mL,Y,N,2231678,APO-SALVENT STERULES APOTEX INC,
60226,unit dose vial,2.5,mL,Y,N,2236933,PHL-SALBUTAMOL RESPIRATOR SOLUTION 2 mg per mL inhalation solution] PHARMEL INC,
62835,unit dose vial,2.5,mL,Y,N,2239366,RATIO-SALBUTAMOL TEVA CANADA LIMITED,
43101,unit dose vial,2.5,mL,N,N,2213427,VENTOLIN NEBULES P.F. - 5MG/2.5ML GLAXOSMITHKLINE INC,
10391,bottle,10,mL,N,Y,860808,RATIO-SALBUTAMOL TEVA CANADA LIMITED,
16521,bottle,10,mL,N,Y,2046741,APO-SALVENT 5MG/ML APOTEX INC,
16452,bottle,10,mL,N,Y,2069571,PMS-SALBUTAMOL PHARMASCIENCE INC,
43108,bottle,10,mL,N,Y,2213486,VENTOLIN RESPIRATOR SOLUTION GLAXOSMITHKLINE INC,
68321,cartridge,3,mL,N,Y,2244353,NOVORAPID NOVO NORDISK CANADA INC,
69441,vial,10,mL,N,Y,2245397,NOVORAPID NOVO NORDISK CANADA INC,
86282,cartridge,3,mL,N,Y,2377209,NOVORAPID NOVO NORDISK CANADA INC,
94775,vial,10,mL,N,Y,2460408,FIASP NOVO NORDISK CANADA INC,
94776,cartridge,3,mL,N,Y,2460416,FIASP NOVO NORDISK CANADA INC,
94777,pen,3,mL,N,Y,2460424,FIASP NOVO NORDISK CANADA INC,
75736,cartridge,3,mL,N,Y,2271842,LEVEMIR PENFILL NOVO NORDISK CANADA INC,
89748,pen,3,mL,N,Y,2412829,LEVEMIR FLEXTOUCH NOVO NORDISK CANADA INC,
92621,pen,1.5,mL,N,Y,2441829,TOUJEO SOLOSTAR SANOFI-AVENTIS CANADA INC,
12570,cartridge,3,mL,N,Y,1959239,HUMULIN N (CARTRIDGE) ELI LILLY CANADA INC,
14261,vial,10,mL,N,Y,2024225,NOVOLIN GE NPH NOVO NORDISK CANADA INC,
14266,cartridge,3,mL,N,Y,2024268,NOVOLIN GE NPH PENFILL NOVO NORDISK CANADA INC,
88825,pen,3,mL,N,Y,2403447,HUMULIN N (KWIKPEN) ELI LILLY CANADA INC,
47871,vial,10,mL,N,Y,2229704,HUMALOG ELI LILLY CANADA INC,
47872,cartridge,3,mL,N,Y,2229705,HUMALOG  (CARTRIDGE) ELI LILLY CANADA INC,
88822,pen,3,mL,N,Y,2403412,HUMALOG  (KWIKPEN) ELI LILLY CANADA INC,
92402,pen,3,mL,N,Y,2439611,HUMALOG 200 UNITS/ML KWIKPEN [insulin lispro 200 unit per mL solution for injection] ELI LILLY CANADA INC,
5326,vial,10,mL,N,Y,587737,HUMULIN N ELI LILLY CANADA INC,
61553,tube,0.5,mL,Y,N,2238162,DIASTAT VALEANT PHARMACEUTICALS NORTH AMERICA LLC,
61553,tube,1,mL,Y,N,2238162,DIASTAT VALEANT PHARMACEUTICALS NORTH AMERICA LLC,
61553,tube,1.5,mL,Y,N,2238162,DIASTAT VALEANT PHARMACEUTICALS NORTH AMERICA LLC,
61553,tube,3,mL,Y,N,2238162,DIASTAT VALEANT PHARMACEUTICALS NORTH AMERICA LLC,
61553,tube,4,mL,Y,N,2238162,DIASTAT VALEANT PHARMACEUTICALS NORTH AMERICA LLC,
69384,sachet,2.5,g,N,Y,2245345,ANDROGEL BGP PHARMA ULC,
69385,sachet,5,g,N,Y,2245346,ANDROGEL BGP PHARMA ULC,
11011,vial,10,mL,Y,N,783900,PMS-DEXAMETHASONE SOD PHOSPHATE INJ 10MG/ML PHARMASCIENCE INC,
74553,vial,10,mL,Y,N,2260301,PHL-DEXAMETHASONE PHARMEL INC,
9613,vial,5,mL,Y,N,751863,PMS-DEXAMETHASONE SOD PHOSPHATE INJ 4MG/ML PHARMASCIENCE INC,
10312,vial,10,mL,Y,N,816086,FOLIC ACID INJECTION USP SANDOZ CANADA INCORPORATED,
31358,vial,10,mL,Y,N,2139480,FOLIC ACID INJECTION FRESENIUS KABI CANADA LTD,
8118,vial,1,mL,Y,N,742813,HYDROXYZINE HYDROCHLORIDE INJECTION USP SANDOZ CANADA INCORPORATED,
50516,vial,10,mL,Y,N,2231209,HYDROXYZINE HYDROCHLORIDE INJECTION, USP STERIMAX INC
16848,vial,10,mL,N,N,860778,NITROGLYCERIN INJECTION USP SANDOZ CANADA INCORPORATED,
93234,vial,10,mL,Y,N,2446820,ACT PROGESTERONE INJECTION ACTAVIS PHARMA COMPANY,
43431,ampoule,1,mL,Y,N,2225883,PROPRANOLOL HYDROCHLORIDE INJECTION USP SANDOZ CANADA INCORPORATED,
70198,vial,10,mL,Y,N,2246063,TESTOSTERONE CYPIONATE INJECTION USP SANDOZ CANADA INCORPORATED,
11224,vial,10,mL,Y,N,739944,PMS-TESTOSTERONE ENANTHATE INJ 200MG/ML USP PHARMASCIENCE INC,
13414,vial,10,mL,Y,N,1977571,TESTOSTERONE PROPIONATE INJECTION, USP STERIMAX INC
47450,vial,5,mL,Y,N,2229540,TRIAMCINOLONE ACETONIDE INJECTABLE SUSPENSION USP SANDOZ CANADA INCORPORATED,
13998,vial,5,mL,Y,N,1977563,TRIAMCINOLONE ACETONIDE SUSPENSION STERIMAX INC,
47461,vial,5,mL,Y,N,2229550,TRIAMCINOLONE ACETONIDE INJECTABLE SUSPENSION USP SANDOZ CANADA INCORPORATED,
35794,vial,1,mL,Y,N,2194155,ARISTOSPAN VALEO PHARMA INC,
44212,ampoule,1,mL,Y,N,2176009,PROGRAF ASTELLAS PHARMA CANADA INC,
82711,vial,12.5,mL,Y,N,2341611,REVATIO PFIZER CANADA INC,
4703,ampoule,5,mL,Y,N,550086,SEPTRA INJECTION ASPEN PHARMACARE CANADA INC,
36481,vial,1,mL,Y,N,2204274,DEXAMETHASONE-OMEGA OMEGA LABORATORIES LTD,
36481,vial,10,mL,Y,N,2204274,DEXAMETHASONE-OMEGA OMEGA LABORATORIES LTD,
6593,vial,5,mL,Y,N,664227,DEXAMETHASONE SODIUM PHOSPHATE INJ USP 4MG/ML SANDOZ CANADA INCORPORATED,
13255,vial,5,mL,Y,N,1977547,DEXAMETHASONE SODIUM PHOSPHATE INJECTION, USP STERIMAX INC
36480,vial,1,mL,Y,N,2204266,DEXAMETHASONE-OMEGA OMEGA LABORATORIES LTD,
87333,vial,1,mL,Y,N,2387743,DEXAMETHASONE OMEGA UNIDOSE OMEGA LABORATORIES LTD,
12208,vial,1,mL,Y,N,874582,DEXAMETHASONE SOD PHOSPH INJ 10MG/ML USP SANDOZ CANADA INCORPORATED,
18325,vial,1,mL,Y,N,2145936,HYDROMORPHONE HP 20 SANDOZ CANADA INCORPORATED,
18325,vial,5,mL,Y,N,2145936,HYDROMORPHONE HP 20 SANDOZ CANADA INCORPORATED,
18325,vial,50,mL,N,Y,2145936,HYDROMORPHONE HP 20 SANDOZ CANADA INCORPORATED,
86244,vial,4,mL,Y,N,2376857,CALDOLOR ALVEDA PHARMACEUTICALS INC,
86244,vial,8,mL,Y,N,2376857,CALDOLOR ALVEDA PHARMACEUTICALS INC,
6872,vial,30,mL,N,Y,640409,MEPERIDINE HYDROCHLORIDE INJECTION USP HOSPIRA HEALTHCARE CORPORATION,
65676,vial,20,mL,N,Y,2242006,DEMEROL 100 MG/ML HOSPIRA HEALTHCARE CORPORATION,
31288,vial,50,mL,N,Y,2137267,MORPHINE SULPHATE INJECTION 50MG/ML HOSPIRA HEALTHCARE CORPORATION,
49612,vial,60,mL,N,Y,2230540,CLINDAMYCIN INJECTION USP SANDOZ CANADA INCORPORATED,
49612,vial,120,mL,N,Y,2230540,CLINDAMYCIN INJECTION USP SANDOZ CANADA INCORPORATED,
49605,vial,2,mL,Y,N,2230535,CLINDAMYCIN INJECTION USP SANDOZ CANADA INCORPORATED,
49605,vial,4,mL,Y,N,2230535,CLINDAMYCIN INJECTION USP SANDOZ CANADA INCORPORATED,
49605,vial,6,mL,Y,N,2230535,CLINDAMYCIN INJECTION USP SANDOZ CANADA INCORPORATED,
13077,vial,5,mL,Y,N,1980696,MORPHINE SULFATE INJ 1MG/ML USP SANDOZ CANADA INCORPORATED,
13077,vial,10,mL,Y,N,1980696,MORPHINE SULFATE INJ 1MG/ML USP SANDOZ CANADA INCORPORATED,
13077,vial,50,mL,N,Y,1980696,MORPHINE SULFATE INJ 1MG/ML USP SANDOZ CANADA INCORPORATED,
31285,vial,5,mL,Y,N,2137232,MORPHINE SULPHATE INJECTION 1MG/ML HOSPIRA HEALTHCARE CORPORATION,
31285,vial,50,mL,N,Y,2137232,MORPHINE SULPHATE INJECTION 1MG/ML HOSPIRA HEALTHCARE CORPORATION,
3043,ampoule,1,ml,Y,N,392588,MORPHINE SULFATE INJ 10MG/ML USP SANDOZ CANADA INCORPORATED,
13078,vial,1,ml,Y,N,1964437,MORPHINE SULFATE INJ 2MG/ML USP SANDOZ CANADA INCORPORATED,
13078,vial,50,mL,N,Y,1964437,MORPHINE SULFATE INJ 2MG/ML USP SANDOZ CANADA INCORPORATED,
31286,vial,50,mL,N,Y,2137240,MORPHINE SULPHATE INJECTION 2MG/ML HOSPIRA HEALTHCARE CORPORATION,
66221,vial,1,ml,Y,N,2242484,MORPHINE SULFATE INJECTION USP SANDOZ CANADA INCORPORATED,
6690,ampoule,1,ml,Y,N,676411,MORPHINE HP 25 - 25MG/ML SANDOZ CANADA INCORPORATED,
6690,ampoule,4,ml,Y,N,676411,MORPHINE HP 25 - 25MG/ML SANDOZ CANADA INCORPORATED,
13079,vial,30,mL,N,Y,1964429,MORPHINE SULFATE INJ 5MG/ML USP SANDOZ CANADA INCORPORATED,
7421,vial,1,ml,Y,N,617288,MORPHINE HP 50 - 50MG/ML USP SANDOZ CANADA INCORPORATED,
7421,vial,5,mL,Y,N,617288,MORPHINE HP 50 - 50MG/ML USP SANDOZ CANADA INCORPORATED,
7421,vial,10,mL,Y,N,617288,MORPHINE HP 50 - 50MG/ML USP SANDOZ CANADA INCORPORATED,
7421,vial,50,mL,N,Y,617288,MORPHINE HP 50 - 50MG/ML USP SANDOZ CANADA INCORPORATED,
70586,bag,250,mL,N,Y,2246414,AVELOX I.V.  BAYER INC,
70586,bottle,250,mL,N,Y,2246414,AVELOX I.V.  BAYER INC,
91749,bag,250,mL,N,Y,2433087,MOXIFLOXACIN INJECTION FRESENIUS KABI CANADA LTD,
65646,ampoule,1,mL,Y,N,2241976,TALWIN SINGLE USE SANOFI-SYNTHELABO CANADA INC,
10954,vial,100,mL,Y,N,891835,DIFLUCAN INJ 2MG/ML PFIZER CANADA INC,
74685,bag,100,mL,Y,N,2261472,FLUCONAZOLE IN SODIUM CHLORIDE INJECTION USP BAXTER CORPORATION,
74685,bag,200,mL,Y,N,2261472,FLUCONAZOLE IN SODIUM CHLORIDE INJECTION USP BAXTER CORPORATION,
87397,vial,100,mL,Y,N,2388448,FLUCONAZOLE INJECTION SDZ SANDOZ CANADA INCORPORATED,
51066,vial,20,mL,Y,N,2231689,LABETALOL HYDROCHLORIDE INJECTION USP SANDOZ CANADA INCORPORATED,
87646,vial,20,mL,Y,N,2391090,LABETALOL HYDROCHLORIDE INJECTION USP PFIZER CANADA INC,
87304,vial,20,mL,Y,N,2387468,LABETALOL HYDROCHLORIDE INJECTION, USP MYLAN PHARMACEUTICALS ULC
87304,vial,40,mL,Y,N,2387468,LABETALOL HYDROCHLORIDE INJECTION, USP MYLAN PHARMACEUTICALS ULC
42910,vial,10,mL,Y,N,2188880,BREVIBLOC INJECTION 10MG/ML BAXTER CORPORATION,
79483,bag,250,mL,N,Y,2309238,BREVIBLOC PREMIXED INJECTION BAXTER CORPORATION,
65675,ampoule,1,mL,Y,N,2242005,DEMEROL 100 MG/ML HOSPIRA HEALTHCARE CORPORATION,
8487,ampoule,1,mL,Y,N,725749,MEPERIDINE HYDROCHLORIDE INJECTION USP SANDOZ CANADA INCORPORATED,
65673,ampoule,1,mL,Y,N,2242003,DEMEROL 50 MG/ML HOSPIRA HEALTHCARE CORPORATION,
8121,ampoule,1,mL,Y,N,725765,MEPERIDINE HYDROCHLORIDE INJECTION USP SANDOZ CANADA INCORPORATED,
65674,ampoule,1,mL,Y,N,2242004,DEMEROL 75 MG/ML HOSPIRA HEALTHCARE CORPORATION,
8120,ampoule,1,mL,Y,N,725757,MEPERIDINE HYDROCHLORIDE INJECTION USP SANDOZ CANADA INCORPORATED,
4226,vial,10,mL,Y,N,497193,AMINOPHYLLINE INJECTION USP PFIZER CANADA INC,
5705,vial,10,mL,Y,N,582662,AMINOPHYLLINE INJ 25MG/ML OMEGA LABORATORIES LTD,
5704,vial,10,mL,Y,N,582654,AMINOPHYLLINE INJ 50MG/ML OMEGA LABORATORIES LTD,
94330,vial,10,mL,Y,N,2456419,CINQAIR TEVA CANADA LIMITED,
12237,vial,1,mL,Y,N,723754,APRESOLINE STERIMAX INC,
94414,ampoule,1,mL,Y,N,2457059,BACLOFEN TELIGENT OU,
94415,ampoule,20,mL,Y,N,2457067,BACLOFEN TELIGENT OU,
94416,ampoule,5,mL,Y,N,2457075,BACLOFEN TELIGENT OU,
94416,ampoule,20,mL,Y,N,2457075,BACLOFEN TELIGENT OU,
790,ampoule,1,mL,N,N,38121,EPHEDRINE SULFATE INJECTION,
11096,ampoule,1,mL,Y,N,876534,EPHEDRINE SULFATE INJECTION USP,
14758,unit dose vial,2,mL,N,Y,2046113,PMS-SODIUM CROMOGLYCATE,
50747,unit dose vial,2,mL,N,Y,2231431,APO-CROMOLYN STERULES,
95417,unit dose vial,2,mL,Y,N,2465949,TEVA-BUDESONIDE TEVA CANADA LIMITED,
95418,unit dose vial,2,mL,Y,N,2465957,TEVA-BUDESONIDE TEVA CANADA LIMITED,
94899,vial,2,mL,Y,N,2461404,FUROSEMIDE INJECTION USP STERIMAX INC,
94899,vial,4,mL,Y,N,2461404,FUROSEMIDE INJECTION USP STERIMAX INC,
94916,pen,3,mL,N,Y,2461528,BASAGLAR ELI LILLY CANADA INC,
92667,unit dose ampoule,2.4,mL,N,N,2442302,QUINSAIR HORIZON PHARMA IRELAND LTD,
94632,pen,3,mL,N,Y,2459132,MOVAPO PALADIN LABS INC,
95856,vial,10,mL,Y,N,2469723,BAVENCIO EMD SERONO A DIVISION OF EMD INC CANADA,
11880,ampoule,3,mL,Y,N,704423,ANDROCUR DEPOT BAYER INC,
95424,vial,2.5,mL,Y,N,2465981,DEFITELIO JAZZ PHARMACEUTICALS IRELAND LIMITED,
82498,vial,2,mL,Y,N,2339366,PRECEDEX HOSPIRA HEALTHCARE CORPORATION,
92145,vial,20,mL,Y,N,2437147,PRECEDEX HOSPIRA HEALTHCARE CORPORATION,
92145,vial,50,mL,Y,N,2437147,PRECEDEX HOSPIRA HEALTHCARE CORPORATION,
92145,vial,100,mL,Y,N,2437147,PRECEDEX HOSPIRA HEALTHCARE CORPORATION,
95736,vial,2.4,mL,Y,N,2468816,IMFINZI ASTRAZENECA CANADA INC,
95736,vial,10,mL,Y,N,2468816,IMFINZI ASTRAZENECA CANADA INC,
87104,ampoule,1,mL,Y,N,2385414,GRANISETRON HYDROCHLORIDE INJECTION SDZ SANDOZ CANADA INCORPORATED,
87104,ampoule,3,mL,Y,N,2385414,GRANISETRON HYDROCHLORIDE INJECTION SDZ SANDOZ CANADA INCORPORATED,
80824,vial,1,mL,Y,N,2322765,GRANISETRON HYDROCHLORIDE INJECTION OMEGA LABORATORIES LTD,
80824,vial,4,mL,Y,N,2322765,GRANISETRON HYDROCHLORIDE INJECTION OMEGA LABORATORIES LTD,
78998,vial,1,mL,Y,N,2304708,GRANISETRON HYDROCHLORIDE INJECTION SANDOZ CANADA INCORPORATED,
78998,vial,4,mL,Y,N,2304708,GRANISETRON HYDROCHLORIDE INJECTION SANDOZ CANADA INCORPORATED,
95860,syringe,1,mL,Y,N,2469758,TREMFYA JANSSEN INC,
66196,vial,10,mL,Y,N,2242470,CORVERT PFIZER CANADA INC,
89675,vial,2,mL,Y,N,2242470,IRINOTECAN HYDROCHLORIDE INJECTION TELIGENT OU,
89675,vial,5,mL,Y,N,2242470,IRINOTECAN HYDROCHLORIDE INJECTION TELIGENT OU,
89675,vial,15,mL,Y,N,2242470,IRINOTECAN HYDROCHLORIDE INJECTION TELIGENT OU,
89675,vial,25,mL,Y,N,2242470,IRINOTECAN HYDROCHLORIDE INJECTION TELIGENT OU,
95815,vial,12,mL,Y,N,2469367,PREVYMIS MERCK CANADA INC,
95819,vial,24,mL,Y,N,2469405,PREVYMIS MERCK CANADA INC,
13163,ampoule,1,mL,Y,N,1927698,NOZINAN INJ 25MG/ML SANOFI-AVENTIS CANADA INC,
95389,vial,5,mL,Y,N,2465663,SPINRAZA BIOGEN CANADA INC,
95561,vial,10,mL,Y,N,2467224,OCREVUS HOFFMANN-LA ROCHE LIMITED,
95790,vial,50,mL,N,N,2469227,LARTRUVO ELI LILLY CANADA INC,
94712,syringe,1,mL,Y,N,2459795,XOLAIR NOVARTIS PHARMACEUTICALS CANADA INC,
94711,syringe,0.5,mL,N,N,2459787,XOLAIR NOVARTIS PHARMACEUTICALS CANADA INC,
75098,vial,2,mL,Y,N,2265524,ONDANSETRON INJECTION TEVA CANADA LIMITED,
75098,vial,4,mL,Y,N,2265524,ONDANSETRON INJECTION TEVA CANADA LIMITED,
75099,vial,20,mL,N,Y,2265532,ONDANSETRON INJECTION TEVA CANADA LIMITED,
75986,ampoule,2,mL,Y,N,2274418,ONDANSETRON HYDROCHLORIDE DIHYDRATE INJECTION SANDOZ CANADA INCORPORATED,
75986,ampoule,4,mL,Y,N,2274418,ONDANSETRON HYDROCHLORIDE DIHYDRATE INJECTION SANDOZ CANADA INCORPORATED,
76501,vial,2,mL,Y,N,2279428,ONDANSETRON INJECTION USP     -(PRESERVATIVE FREE)SANDOZ CANADA INCORPORATED,
76501,vial,4,mL,Y,N,2279428,ONDANSETRON INJECTION USP     -(PRESERVATIVE FREE)SANDOZ CANADA INCORPORATED,
76502,vial,20,mL,N,Y,2279436,ONDANSETRON INJECTION USP     -(WITH PRESERVATIVE) SANDOZ CANADA INCORPORATED,
43137,ampoule,2,mL,Y,N,2213745,ZOFRAN NOVARTIS PHARMACEUTICALS CANADA INC,
43137,ampoule,4,mL,Y,N,2213745,ZOFRAN NOVARTIS PHARMACEUTICALS CANADA INC,
43137,vial,20,mL,N,Y,2213745,ZOFRAN NOVARTIS PHARMACEUTICALS CANADA INC,
87549,ampoule,2,mL,Y,N,2390019,ONDANSETRON INJECTION, USP MYLAN PHARMACEUTICALS ULC
87549,ampoule,4,mL,Y,N,2390019,ONDANSETRON INJECTION, USP MYLAN PHARMACEUTICALS ULC
87549,vial,2,mL,Y,N,2390019,ONDANSETRON INJECTION, USP MYLAN PHARMACEUTICALS ULC
87549,vial,4,mL,Y,N,2390019,ONDANSETRON INJECTION, USP MYLAN PHARMACEUTICALS ULC
87552,vial,20,mL,N,Y,2390051,ONDANSETRON INJECTION, USP MYLAN PHARMACEUTICALS ULC
90500,ampoule,2,mL,Y,N,2420414,JAMP-ONDANSETRON JAMP PHARMA CORPORATION,
90500,ampoule,4,mL,Y,N,2420414,JAMP-ONDANSETRON JAMP PHARMA CORPORATION,
90500,vial,2,mL,Y,N,2420414,JAMP-ONDANSETRON JAMP PHARMA CORPORATION,
90500,vial,4,mL,Y,N,2420414,JAMP-ONDANSETRON JAMP PHARMA CORPORATION,
90501,vial,20,mL,N,Y,2420422,JAMP-ONDANSETRON JAMP PHARMA CORPORATION,
75730,vial,2,mL,Y,N,2271761,ONDANSETRON OMEGA   -(PRESERVATIVE FREE - SINGLE DOSE VIALS) OMEGA LABORATORIES LTD,
75730,vial,4,mL,Y,N,2271761,ONDANSETRON OMEGA   -(PRESERVATIVE FREE - SINGLE DOSE VIALS) OMEGA LABORATORIES LTD,
75731,vial,20,mL,N,Y,2271788,ONDANSETRON OMEGA   -(WITH PRESERVATIVE - MULTIDOSE VIAL) OMEGA LABORATORIES LTD,
75987,vial,2,mL,Y,N,2274426,ONDANSETRON INJECTION USP     -(PRESERVATIVE FREE) HOSPIRA HEALTHCARE CORPORATION,
75987,vial,4,mL,Y,N,2274426,ONDANSETRON INJECTION USP     -(PRESERVATIVE FREE) HOSPIRA HEALTHCARE CORPORATION,
75988,vial,20,mL,N,Y,2274434,ONDANSETRON INJECTION USP     -(WITH PRESERVATIVES) HOSPIRA HEALTHCARE CORPORATION,
18025,ampoule,1,mL,Y,N,2148706,NALOXONE HCL INJECTION - 0.4MG/ML USP SANDOZ CANADA INCORPORATED,
18025,vial,10,mL,Y,N,2148706,NALOXONE HCL INJECTION - 0.4MG/ML USP SANDOZ CANADA INCORPORATED,
86832,ampoule,1,mL,Y,N,2382482,NALOXONE HYDROCHLORIDE INJECTION USP TELIGENT OU,
86843,ampoule,1,mL,Y,N,2382601,NALOXONE HYDROCHLORIDE INJECTION SDZ PRESERVATIVE FREE SANDOZ CANADA INCORPORATED,
87828,vial,1,mL,Y,N,2393034,NALOXONE HYDROCHLORIDE INJECTION OMEGA LABORATORIES LTD,
93978,ampoule,1,mL,Y,N,2453258,S.O.S. NALOXONE HYDROCHLORIDE INJECTION SANDOZ CANADA INCORPORATED,
94280,vial,1,mL,Y,N,2455935,INJECTABLE NALOXONE HYDROCHLORIDE OMEGA LABORATORIES LTD,
18024,vial,2,mL,Y,N,2148714,NALOXONE HCL INJECTION - 1MG/ML USP SANDOZ CANADA INCORPORATED,
87829,vial,2,mL,Y,N,2393042,NALOXONE HYDROCHLORIDE INJECTION OMEGA LABORATORIES LTD,
95935,syringe,2,mL,Y,N,2470365,DUPIXENT, SANOFI-AVENTIS CANADA INC
94760,vial,20,mL,Y,N,2460319,RAPIVAB, BIOCRYST PHARMACEUTICALS INC
95016,vial,25,mL,Y,N,2462400,BRINAVESS, CARDIOME UK LIMITED
76591,tube,5,g,N,Y,2280248,TESTIM 1% PALADIN LABS INC,
78663,bag,100,mL,Y,N,2301296,CIPROFLOXACIN INJECTION CLARIS PHARMASERVICES [Now DORMANT],
78663,bag,200,mL,Y,N,2301296,CIPROFLOXACIN INJECTION CLARIS PHARMASERVICES [Now DORMANT],
86325,bag,100,mL,Y,N,2377535,CIPROFLOXACIN INJECTION OMEGA LABORATORIES LTD,
86325,bag,200,mL,Y,N,2377535,CIPROFLOXACIN INJECTION OMEGA LABORATORIES LTD,
75287,bag,100,mL,Y,N,2267462,CIPROFLOXACIN INTRAVENOUS INFUSION TEVA CANADA LIMITED,
75287,bag,200,mL,Y,N,2267462,CIPROFLOXACIN INTRAVENOUS INFUSION TEVA CANADA LIMITED,
78723,bag,100,mL,Y,N,2301903,CIPROFLOXACIN INJECTION USP PFIZER CANADA INC,
78723,bag,200,mL,Y,N,2301903,CIPROFLOXACIN INJECTION USP PFIZER CANADA INC,
78981,bag,100,mL,Y,N,2304546,CIPROFLOXACIN INTRAVENOUS INFUSION, BP APOTEX INC
78981,bag,200,mL,Y,N,2304546,CIPROFLOXACIN INTRAVENOUS INFUSION, BP APOTEX INC
79003,bag,100,mL,Y,N,2304759,CIPROFLOXACIN INTRAVENOUS INFUSION BP SANDOZ CANADA INCORPORATED,
79003,bag,200,mL,Y,N,2304759,CIPROFLOXACIN INTRAVENOUS INFUSION BP SANDOZ CANADA INCORPORATED,
74200,vial,20,mL,Y,N,2256789,CIPROFLOXACIN INJECTION USP SANDOZ CANADA INCORPORATED,
74200,vial,40,mL,Y,N,2256789,CIPROFLOXACIN INJECTION USP SANDOZ CANADA INCORPORATED,
95624,pen,3,mL,N,Y,2467887,TRESIBA FLEXTOUCH (PREFILLED PEN) NOVO NORDISK CANADA INC,
95623,pen,3,mL,N,Y,2467879,TRESIBA FLEXTOUCH (PREFILLED PEN)  NOVO NORDISK CANADA INC,
72232,vial,100,mL,Y,N,2247922,FLUCONAZOLE INJECTION TEVA CANADA LIMITED,
72232,bag,100,mL,Y,N,2247922,FLUCONAZOLE INJECTION TEVA CANADA LIMITED,
72794,vial,100,mL,Y,N,2248443,FLUCONAZOLE INJECTION SANDOZ CANADA INCORPORATED,
72035,vial,100,mL,Y,N,2247749,FLUCONAZOLE OMEGA OMEGA LABORATORIES LTD,
80046,bag,50,mL,Y,N,2314932,LEVOFLOXACIN IN 5% DEXTROSE INJECTION HOSPIRA HEALTHCARE CORPORATION,
80046,bag,100,mL,Y,N,2314932,LEVOFLOXACIN IN 5% DEXTROSE INJECTION HOSPIRA HEALTHCARE CORPORATION,
80046,bag,150,mL,Y,N,2314932,LEVOFLOXACIN IN 5% DEXTROSE INJECTION HOSPIRA HEALTHCARE CORPORATION,
51050,unit dose vial,2.5,mL,Y,N,2231675,COMBIVENT UDV BOEHRINGER INGELHEIM (CANADA) LTD LTEE,
86757,vial,5,mL,N,N,2381710,ALOXI PURDUE PHARMA,
95190,sachet,5,g,N,Y,2463806,TARO-TESTOSTERONE GEL 5G/PACKET TARO PHARMACEUTICALS INC,
95189,sachet,2.5,g,N,Y,2463792,TARO-TESTOSTERONE GEL 2.5G/PACKET TARO PHARMACEUTICALS INC,
90950,sachet,0.5,mg,N,Y,2424835,DIVIGEL 0.5MG PACK TEVA CANADA LIMITED,
90951,sachet,1,mg,N,Y,2424843,DIVIGEL 1MG PACK TEVA CANADA LIMITED,
90959,sachet,0.25,mg,N,Y,2424924,DIVIGEL 0.25MG PACK TEVA CANADA LIMITED,
11342,vial,20,mL,Y,N,1902644,RETROVIR (AZT)  VIIV HEALTHCARE ULC,
66810,vial,2,mL,Y,N,2242971,AMIKACIN SULFATE INJECTION USP SANDOZ CANADA INCORPORATED,
66434,vial,2,mL,Y,N,2242652,GENTAMICIN INJECTION USP,
75394,vial,2,mL,Y,N,2268531,GENTAMICIN INJECTION USP,
94412,ampoule,2,mL,Y,N,2457008,GENTAMICIN INJECTION USP,
18242,bag,100,mL,Y,N,2082136,GENTAMICIN(E) 100MG LIQ IV 1MG/ML,
18243,bag,50,mL,Y,N,2082152,GENTAMICIN(E) 80MG LIQ IV 1.6MG/ML,
12674,bag,100,mL,Y,N,1913530,GENTAMICIN SULFATE IN 0.9% SODIUM CHLORIDE INJECTION,
66245,ampoule,0.5,mL,Y,N,2242502,ONE-ALPHA LEO PHARMA INC,
66245,ampoule,1,mL,Y,N,2242502,ONE-ALPHA LEO PHARMA INC,
50269,vial,2,mL,Y,N,2230988,CEREBYX ERFA CANADA 2012 INC,
50269,vial,10,mL,Y,N,2230988,CEREBYX ERFA CANADA 2012 INC,
43078,vial,0.5,mL,N,N,2212188,IMITREX INJECTION 12MG/ML GLAXOSMITHKLINE INC,
95270,vial,2,mL,Y,N,2464578,ONDANSETRON INJECTION USP, SINGLE USE VIALS
95270,vial,4,mL,Y,N,2464578,ONDANSETRON INJECTION USP, SINGLE USE VIALS
77729,syringe,2,mL,N,N,2291924,BICILLIN L-A PFIZER CANADA INC,
74379,vial,0.8,mL,N,N,2258595,HUMIRA ABBVIE CORPORATION,
94546,syringe,0.4,mL,N,N,2458349,HUMIRA ABBVIE CORPORATION,
94543,pen,0.4,mL,N,N,2458357,HUMIRA ABBVIE CORPORATION,
94029,syringe,1,mL,Y,N,2453754,PRALUENT SANOFI-AVENTIS CANADA INC,
94030,syringe,1,mL,Y,N,2453762,PRALUENT SANOFI-AVENTIS CANADA INC,
94035,pen,1,mL,Y,N,2453819,PRALUENT SANOFI-AVENTIS CANADA INC,
94037,pen,1,mL,Y,N,2453835,PRALUENT SANOFI-AVENTIS CANADA INC,
75820,unit dose vial,2.5,mL,N,N,2272695,TEVA-COMBO STERINEBS TEVA CANADA LIMITED,
67727,unit dose vial,2.5,mL,N,N,2243789,RATIO-IPRA SAL UDV TEVA CANADA LIMITED,
5790,ampoule,1,mL,Y,N,593257,SANDIMMUNE IV 50MG/ML NOVARTIS PHARMACEUTICALS CANADA INC,
5790,ampoule,5,mL,Y,N,593257,SANDIMMUNE IV 50MG/ML NOVARTIS PHARMACEUTICALS CANADA INC,
18868,ampoule,0.6,mL,N,N,2129043,ORGARAN ASPEN PHARMACARE CANADA INC,
18307,syringe,0.2,mL,N,N,2132621,FRAGMIN PFIZER CANADA INC,
18306,syringe,0.2,mL,N,N,2132648,FRAGMIN PFIZER CANADA INC,
18235,ampoule,1,mL,Y,N,2132664,FRAGMIN PFIZER CANADA INC,
50478,vial,3.8,mL,N,Y,2231171,FRAGMIN PFIZER CANADA INC,
83790,syringe,0.3,mL,N,N,2352648,FRAGMIN PFIZER CANADA INC,
83791,syringe,0.4,mL,N,N,2352656,FRAGMIN PFIZER CANADA INC,
83792,syringe,0.5,mL,N,N,2352664,FRAGMIN PFIZER CANADA INC,
83793,syringe,0.6,mL,N,N,2352672,FRAGMIN PFIZER CANADA INC,
83794,syringe,0.72,mL,N,N,2352680,FRAGMIN PFIZER CANADA INC,
91522,syringe,0.28,mL,N,N,2430789,FRAGMIN PFIZER CANADA INC,
60205,syringe,0.3,mL,Y,N,2236913,FRAXIPARINE ASPEN PHARMACARE CANADA INC,
93677,syringe,0.2,mL,Y,N,2450615,FRAXIPARINE ASPEN PHARMACARE CANADA INC,
93678,syringe,0.4,mL,Y,N,2450623,FRAXIPARINE ASPEN PHARMACARE CANADA INC,
93679,syringe,0.6,mL,Y,N,2450631,FRAXIPARINE ASPEN PHARMACARE CANADA INC,
93680,syringe,1,mL,Y,N,2450658,FRAXIPARINE ASPEN PHARMACARE CANADA INC,
63628,syringe,1,mL,Y,N,2240114,FRAXIPARINE FORTE ASPEN PHARMACARE CANADA INC,
93681,syringe,0.8,mL,Y,N,2450666,FRAXIPARINE FORTE ASPEN PHARMACARE CANADA INC,
93682,syringe,0.6,mL,Y,N,2450674,FRAXIPARINE FORTE ASPEN PHARMACARE CANADA INC,
14049,syringe,0.3,mL,N,N,2012472,LOVENOX SANOFI-AVENTIS CANADA INC,
60174,syringe,0.4,mL,N,N,2236883,LOVENOX SANOFI-AVENTIS CANADA INC,
86422,syringe,0.6,mL,N,N,2378426,LOVENOX SANOFI-AVENTIS CANADA INC,
86423,syringe,0.8,mL,N,N,2378434,LOVENOX SANOFI-AVENTIS CANADA INC,
86424,syringe,1,mL,Y,N,2378442,LOVENOX SANOFI-AVENTIS CANADA INC,
66484,syringe,0.8,mL,N,N,2242692,LOVENOX HP SANOFI-AVENTIS CANADA INC,
86426,syringe,1,mL,Y,N,2378469,LOVENOX HP SANOFI-AVENTIS CANADA INC,
59932,vial,3,mL,N,Y,2236564,LOVENOX WITH PRESERVATIVE 300MG/3ML SANOFI-AVENTIS CANADA INC,
68448,vial,10,mL,Y,N,2244475,DIPYRIDAMOLE INJECTION, USP FRESENIUS KABI CANADA LTD
68907,vial,10,mL,Y,N,2244909,DIPYRIDAMOLE FOR INJECTION,
6720,vial,10,mL,Y,N,637734,PERSANTINE BOEHRINGER INGELHEIM (CANADA) LTD LTEE,
93132,syringe,1,mL,Y,N,2446057,REPATHA AMGEN CANADA INC,
94710,cartridge,3.5,mL,Y,N,2459779,REPATHA AMGEN CANADA INC,
78217,vial,0.23,mL,N,Y,2296810,LUCENTIS NOVARTIS PHARMACEUTICALS CANADA INC,
91026,syringe,0.165,mL,N,Y,2425629,LUCENTIS NOVARTIS PHARMACEUTICALS CANADA INC,
3499,vial,30,mL,N,Y,463450,NIACIN INJ 100MG/ML KRIPPS PHARMACY LTD.,
83943,syringe,1,mL,Y,N,2354233,INVEGA SUSTENNA JANSSEN INC,
83944,syringe,1.5,mL,N,N,2354241,INVEGA SUSTENNA JANSSEN INC,
83941,syringe,0.5,mL,N,N,2354217,INVEGA SUSTENNA JANSSEN INC,
83942,syringe,0.75,mL,N,N,2354225,INVEGA SUSTENNA JANSSEN INC,
94281,syringe,0.875,mL,N,N,2455943,INVEGA TRINZA JANSSEN INC,
94284,syringe,1.315,mL,N,N,2455986,INVEGA TRINZA JANSSEN INC,
94285,syringe,1.75,mL,N,N,2455994,INVEGA TRINZA JANSSEN INC,
94286,syringe,2.625,mL,N,N,2456001,INVEGA TRINZA JANSSEN INC,
85449,vial,1,mL,Y,N,2369567,DIPHENHYDRAMINE HYDROCHLORIDE INJECTION FRESENIUS KABI CANADA LTD,
5430,vial,1,mL,Y,N,596612,DIPHENHYDRAMINE HYDROCHLORIDE INJECTION USP SANDOZ CANADA INCORPORATED,
37198,vial,1,mL,Y,N,2219336,DIPHENIST 50MG/ML OMEGA LABORATORIES LTD,
63832,cartridge,3,mL,N,Y,2240294,HUMALOG MIX 25  (CARTRIDGE) ELI LILLY CANADA INC,
88823,pen,3,mL,N,Y,2403420,HUMALOG MIX 25  (KWIKPEN) ELI LILLY CANADA INC,
63835,cartridge,3,mL,N,Y,2240297,HUMALOG MIX 50  (CARTRIDGE) ELI LILLY CANADA INC,
88824,pen,3,mL,N,Y,2403439,HUMALOG MIX 50  (KWIKPEN) ELI LILLY CANADA INC,
95912,pen,3,mL,N,Y,2470152,HUMALOG JUNIOR KWIKPEN ELI LILLY CANADA INC,
94130,syringe,10,mL,Y,N,2454599,PHENYLEPHRINE HYDROCHLORIDE INJECTION BIOSYENT PHARMA INC,
65650,ampoule,1,mL,Y,N,2241980,NEO-SYNEPHRINE PFIZER CANADA INC,
12889,vial,1,mL,Y,N,1953583,PHENYLEPHRINE HYDROCHLORIDE INJECTION USP SANDOZ CANADA INCORPORATED,
12889,vial,5,mL,Y,N,1953583,PHENYLEPHRINE HYDROCHLORIDE INJECTION USP SANDOZ CANADA INCORPORATED,
61817,vial,1,mL,Y,N,2238400,PHENYLEPHRINE HYDROCHLORIDE INJECTION USP, 1% OMEGA LABORATORIES LTD
4802,ampoule,1,mL,Y,N,559253,PROSTIN VR STERILE SOLUTION PFIZER CANADA INC,
8488,vial,2,mL,Y,N,743518,CHLORPROMAZINE HYDROCHLORIDE INJECTION SANDOZ CANADA INCORPORATED,
13304,ampoule,5,mL,Y,N,1984837,BONEFOS BAYER INC,
91339,ampoule,1,mL,Y,N,2428954,DIMENHYDRINATE INJECTION USP TELIGENT OU,
91339,vial,5,mL,Y,N,2428954,DIMENHYDRINATE INJECTION USP TELIGENT OU,
91952,vial,5,mL,Y,N,2435241,DIMENHYDRINATE INJECTION USP WITH PRESERVATIVE TELIGENT OU,
3397,vial,5,mL,Y,N,392537,DIMENHYDRINATE INJ 50MG USP SANDOZ CANADA INCORPORATED,
3397,ampoule,1,mL,Y,N,392537,DIMENHYDRINATE INJ 50MG USP SANDOZ CANADA INCORPORATED,
197,vial,1,mL,Y,N,13579,GRAVOL IM CHURCH & DWIGHT CANADA CORP,
72016,vial,2,mL,Y,N,2247735,FAMOTIDINE OMEGA -(WITHOUT PRESERVATIVE) OMEGA LABORATORIES LTD,
72026,vial,4,mL,Y,N,2247745,FAMOTIDINE OMEGA -(WITH PRESERVATIVE,BENZYL ALCOHOL) OMEGA LABORATORIES LTD
72026,vial,20,mL,N,Y,2247745,FAMOTIDINE OMEGA -(WITH PRESERVATIVE,BENZYL ALCOHOL) OMEGA LABORATORIES LTD
13803,ampoule,1,mL,Y,N,1913980,NUBAIN INJECTION 10MG/ML SANDOZ CANADA INCORPORATED,
68533,vial,10,mL,Y,N,2244550,PAMIDRONATE DISODIUM FOR INJECTION PFIZER CANADA INC,
68534,vial,10,mL,Y,N,2244551,PAMIDRONATE DISODIUM FOR INJECTION PFIZER CANADA INC,
68535,vial,10,mL,Y,N,2244552,PAMIDRONATE DISODIUM FOR INJECTION PFIZER CANADA INC,
73448,vial,10,mL,Y,N,2249677,PAMIDRONATE DISODIUM OMEGA 6 MG/ML OMEGA LABORATORIES LTD,
73449,vial,10,mL,Y,N,2249685,PAMIDRONATE DISODIUM OMEGA 9 MG/ML OMEGA LABORATORIES LTD,
70784,vial,10,mL,Y,N,2246597,PAMIDRONATE DISODIUM FOR INJECTION FRESENIUS KABI CANADA LTD,
70785,vial,10,mL,Y,N,2246598,PAMIDRONATE DISODIUM FOR INJECTION FRESENIUS KABI CANADA LTD,
70786,vial,10,mL,Y,N,2246599,PAMIDRONATE DISODIUM FOR INJECTION FRESENIUS KABI CANADA LTD,
91710,vial,16.7,mL,N,N,2432676,POSANOL MERCK CANADA INC,
84321,syringe,0.35,mL,Y,N,2358158,INNOHEP LEO PHARMA INC,
84322,syringe,0.45,mL,Y,N,2358166,INNOHEP LEO PHARMA INC,
84323,syringe,0.7,mL,Y,N,2358174,INNOHEP LEO PHARMA INC,
84324,syringe,0.9,mL,Y,N,2358182,INNOHEP LEO PHARMA INC,
91392,syringe,0.4,mL,N,N,2429462,INNOHEP LEO PHARMA INC,
91393,syringe,0.6,mL,N,N,2429470,INNOHEP LEO PHARMA INC,
91394,syringe,0.8,mL,N,N,2429489,INNOHEP LEO PHARMA INC,
47420,vial,2,mL,N,Y,2229515,INNOHEP LEO PHARMA INC,
47983,syringe,0.25,mL,Y,N,2229755,INNOHEP LEO PHARMA INC,
50802,syringe,0.5,mL,Y,N,2231478,INNOHEP LEO PHARMA INC,
19202,vial,2,mL,N,Y,2167840,INNOHEP LEO PHARMA INC,
90620,vial,5,mL,N,N,2421550,ZOLEDRONIC ACID FOR INJECTION PFIZER CANADA INC,
90711,vial,5,mL,N,N,2422425,ZOLEDRONIC ACID FOR INJECTION CONCENTRATE DR REDDYS LABORATORIES LTD,
90712,vial,100,mL,N,N,2422433,ZOLEDRONIC ACID INJECTION DR REDDYS LABORATORIES LTD,
89972,vial,100,mL,N,N,2415100,TARO-ZOLEDRONIC ACID TARO PHARMACEUTICALS INC,
89980,vial,5,mL,N,N,2415186,TARO-ZOLEDRONIC ACID CONCENTRATE TARO PHARMACEUTICALS INC,
89277,vial,100,mL,N,N,2408082,ZOLEDRONIC ACID INJECTION TEVA CANADA LIMITED,
92989,vial,5,mL,N,N,2444739,ZOLEDRONIC ACID FOR INJECTION MDA INC.,
91878,vial,5,mL,N,N,2434458,ZOLEDRONIC ACID FOR INJECTION FRESENIUS KABI CANADA LTD,
88649,vial,5,mL,N,N,2401606,ZOLEDRONIC ACID - Z SANDOZ CANADA INCORPORATED,
88788,vial,5,mL,N,N,2403056,PMS-ZOLEDRONIC ACID PHARMASCIENCE INC,
89236,vial,5,mL,N,N,2407639,ZOLEDRONIC ACID FOR INJECTION TEVA CANADA LIMITED,
75458,vial,100,mL,N,N,2269198,ACLASTA NOVARTIS PHARMACEUTICALS CANADA INC,
72636,vial,5,mL,N,N,2248296,ZOMETA CONCENTRATE NOVARTIS PHARMACEUTICALS CANADA INC,
63823,vial,2,mL,Y,N,2240285,MIDAZOLAM INJECTION SANDOZ CANADA INCORPORATED,
63823,vial,5,mL,Y,N,2240285,MIDAZOLAM INJECTION SANDOZ CANADA INCORPORATED,
63823,vial,10,mL,Y,N,2240285,MIDAZOLAM INJECTION SANDOZ CANADA INCORPORATED,
63824,vial,1,mL,Y,N,2240286,MIDAZOLAM INJECTION SANDOZ CANADA INCORPORATED,
63824,vial,2,mL,Y,N,2240286,MIDAZOLAM INJECTION SANDOZ CANADA INCORPORATED,
63824,vial,10,mL,Y,N,2240286,MIDAZOLAM INJECTION SANDOZ CANADA INCORPORATED,
66736,vial,2,mL,Y,N,2242904,MIDAZOLAM INJECTION FRESENIUS KABI CANADA LTD,
66736,vial,5,mL,Y,N,2242904,MIDAZOLAM INJECTION FRESENIUS KABI CANADA LTD,
66736,vial,10,mL,Y,N,2242904,MIDAZOLAM INJECTION FRESENIUS KABI CANADA LTD,
66737,vial,1,mL,Y,N,2242905,MIDAZOLAM INJECTION FRESENIUS KABI CANADA LTD,
66737,vial,2,mL,Y,N,2242905,MIDAZOLAM INJECTION FRESENIUS KABI CANADA LTD,
66737,vial,10,mL,Y,N,2242905,MIDAZOLAM INJECTION FRESENIUS KABI CANADA LTD,
90845,ampoule,5,mL,Y,N,2423758,MIDAZOLAM INJECTION PFIZER CANADA INC,
90846,ampoule,1,mL,Y,N,2423766,MIDAZOLAM INJECTION PFIZER CANADA INC,
90846,ampoule,3,mL,Y,N,2423766,MIDAZOLAM INJECTION PFIZER CANADA INC,
90846,ampoule,10,mL,Y,N,2423766,MIDAZOLAM INJECTION PFIZER CANADA INC,
86868,ampoule,2,mL,Y,N,2382873,MIDAZOLAM INJECTION SDZ SANDOZ CANADA INCORPORATED,
86868,ampoule,5,mL,Y,N,2382873,MIDAZOLAM INJECTION SDZ SANDOZ CANADA INCORPORATED,
86868,ampoule,10,mL,Y,N,2382873,MIDAZOLAM INJECTION SDZ SANDOZ CANADA INCORPORATED,
86870,ampoule,1,mL,Y,N,2382903,MIDAZOLAM INJECTION SDZ SANDOZ CANADA INCORPORATED,
86870,ampoule,2,mL,Y,N,2382903,MIDAZOLAM INJECTION SDZ SANDOZ CANADA INCORPORATED,
86870,ampoule,10,mL,Y,N,2382903,MIDAZOLAM INJECTION SDZ SANDOZ CANADA INCORPORATED,
86819,vial,2,mL,Y,N,2382342,MIDAZOLAM INJECTION USP PFIZER CANADA INC,
86819,vial,5,mL,Y,N,2382342,MIDAZOLAM INJECTION USP PFIZER CANADA INC,
86821,vial,1,mL,Y,N,2382350,MIDAZOLAM INJECTION USP PFIZER CANADA INC,
86821,vial,2,mL,Y,N,2382350,MIDAZOLAM INJECTION USP PFIZER CANADA INC,
86822,vial,10,mL,Y,N,2382377,MIDAZOLAM INJECTION USP PFIZER CANADA INC,
86823,vial,10,mL,Y,N,2382385,MIDAZOLAM INJECTION USP PFIZER CANADA INC,
9788,vial,10,mL,N,Y,795879,HUMULIN 30/70 (INSULIN HUMAN BIOSYNTH INJ) ELI LILLY CANADA INC,
89971,pen,3,mL,N,Y,2415089,HUMULIN R (KWIKPEN) ELI LILLY CANADA INC,
95524,pen,3,mL,N,Y,2466864,ENTUZITY KWIKPEN ELI LILLY CANADA INC,
12569,cartridge,3,mL,N,Y,1959220,HUMULIN R CARTRIDGE ELI LILLY CANADA INC,
14260,vial,10,mL,N,Y,2024233,NOVOLIN GE TORONTO NOVO NORDISK CANADA INC,
14459,cartridge,3,mL,N,Y,2024284,NOVOLIN GE TORONTO PENFILL NOVO NORDISK CANADA INC,
5325,vial,10,mL,N,Y,586714,HUMULIN R ELI LILLY CANADA INC,
12568,cartridge,3,mL,N,Y,1959212,HUMULIN 30/70 CARTRIDGE ELI LILLY CANADA INC,
14269,vial,10,mL,N,Y,2024217,NOVOLIN GE 30/70 NOVO NORDISK CANADA INC,
14265,cartridge,3,mL,N,Y,2025248,NOVOLIN GE 30/70 PENFILL NOVO NORDISK CANADA INC,
14262,cartridge,3,mL,N,Y,2024314,NOVOLIN GE 40/60 PENFILL NOVO NORDISK CANADA INC,
14270,cartridge,3,mL,N,Y,2024322,NOVOLIN GE 50/50 NOVO NORDISK CANADA INC,
76152,vial,10,mL,N,Y,2275864,HYPURIN NPH INSULIN ISOPHANE PORK WOCKHARDT UK LTD,
76153,vial,10,mL,N,Y,2275872,HYPURIN REGULAR INSULIN PORK WOCKHARDT UK LTD,
94413,vial,20,mL,Y,N,2457040,LABETALOL HYDROCHLORIDE INJECTION OMEGA LABORATORIES LTD,
94413,vial,40,mL,Y,N,2457040,LABETALOL HYDROCHLORIDE INJECTION OMEGA LABORATORIES LTD,
3595,vial,1,mL,Y,N,392731,DIMENHYDRINATE INJ 10MG SANDOZ CANADA INCORPORATED,
3595,ampoule,1,mL,Y,N,392731,DIMENHYDRINATE INJ 10MG SANDOZ CANADA INCORPORATED,
18289,ampoule,1,mL,Y,N,2024179,OCTOSTIM LIQ INJ. 15 MCG/ML FERRING INC,
95689,vial,10,mL,Y,N,2468468,HYDROMORPHONE HYDROCHLORIDE INJECTION HP FORTE STERIMAX INC,
3921,vial,10,mL,N,Y,504483,NIACINAMIDE INJECTION 100 MG/ML KRIPPS PHARMACY,
89462,bag,100,g,N,N,2409968,CEFTRIAXONE FOR INJECTION FRESENIUS KABI CANADA LTD,
88577,bag,100,g,N,N,2401029,CEFAZOLIN FOR INJECTION USP FRESENIUS KABI CANADA LTD,
1134,vial,1,mL,Y,N,30759,DEPO-MEDROL 40 MG/ML PFIZER CANADA LTD,
16275,vial,2,mL,Y,N,1934333,DEPO-MEDROL (WITH PRESERVATIVE) 40 MG/ML PFIZER CANADA INC,
16275,vial,5,mL,Y,N,1934333,DEPO-MEDROL (WITH PRESERVATIVE) 40 MG/ML PFIZER CANADA INC,
16276,vial,5,mL,Y,N,1934341,DEPO-MEDROL (WITH PRESERVATIVE) 80 MG/ML PFIZER CANADA INC,
789,vial,1,mL,Y,N,30767,DEPO-MEDROL 80 MG/ML PFIZER CANADA INC,
18988,vial,5,mL,Y,N,1934325,DEPO-MEDROL (WITH PRESERVATIVE) 20 MG/ML PFIZER CANADA INC,
76506,vial,10,mL,N,Y,2279460,APIDRA SANOFI-AVENTIS CANADA INC,
76507,cartridge,3,mL,N,Y,2279479,APIDRA SANOFI-AVENTIS CANADA INC,
77968,pen,3,mL,N,Y,2294346,APIDRA SANOFI-AVENTIS CANADA INC,
96506,pen,3,mL,N,Y,2474875,XULTOPHY NOVO NORDISK CANADA INC,
91526,bag,300,mL,Y,N,2430827,LINEZOLID INJECTION FRESENIUS KABI CANADA LTD,
67615,bag,300,mL,Y,N,2243685,ZYVOXAM 2 MG/ML PFIZER CANADA INC,
18611,vial,2,mL,Y,N,2167832,DROPERIDOL INJECTION USP 2.5MG/ML SANDOZ CANADA INCORPORATED,
18800,ampoule,1,mL,Y,N,2156032,FLUANXOL DEPOT 2% -LIQ IM 20MG/ML LUNDBECK CANADA INC,
18737,ampoule,1,mL,Y,N,2156040,FLUANXOL DEPOT 10%- LIQ IM 100MG/ML LUNDBECK CANADA INC,
10488,ampoule,1,mL,Y,N,755575,MODECATE CONCENTRATE BRISTOL-MYERS SQUIBB CANADA,
5089,ampoule,1,mL,Y,N,567434,PROMETHAZINE HYDROCHLORIDE INJECTION USP SANDOZ CANADA INCORPORATED,
5089,ampoule,2,mL,Y,N,567434,PROMETHAZINE HYDROCHLORIDE INJECTION USP SANDOZ CANADA INCORPORATED,
49244,ampoule,1,mL,Y,N,2230405,CLOPIXOL-ACUPHASE 50MG/ML LUNDBECK CANADA INC,
49244,ampoule,2,mL,Y,N,2230405,CLOPIXOL-ACUPHASE 50MG/ML LUNDBECK CANADA INC,
49245,ampoule,1,mL,Y,N,2230406,CLOPIXOL DEPOT 200MG/ML LUNDBECK CANADA INC,
49245,vial,10,mL,N,Y,2230406,CLOPIXOL DEPOT 200MG/ML LUNDBECK CANADA INC,
78573,vial,10,mL,N,Y,2300435,ACETYLCYSTEINE INJECTION 200 MG/ML ALVEDA PHARMACEUTICALS INC,
78573,vial,30,mL,N,Y,2300435,ACETYLCYSTEINE INJECTION 200 MG/ML ALVEDA PHARMACEUTICALS INC,
94721,vial,10,mL,N,Y,2459906,ACETYLCYSTEINE SOLUTION USP TELIGENT OU,
94721,vial,30,mL,N,Y,2459906,ACETYLCYSTEINE SOLUTION USP TELIGENT OU,
66965,vial,10,mL,N,Y,2243098,ACETYLCYSTEINE SOLUTION SANDOZ CANADA INCORPORATED,
66965,vial,30,mL,N,Y,2243098,ACETYLCYSTEINE SOLUTION SANDOZ CANADA INCORPORATED,
2483,ampoule,1,mL,Y,N,363839,BUSCOPAN SANOFI-AVENTIS CANADA INC,
48226,vial,1,mL,Y,N,2229868,HYOSCINE BUTYLBROMIDE INJECTION SANDOZ STANDARD SANDOZ CANADA INCORPORATED,
75090,cartridge,3,mL,N,Y,2265435,NOVOMIX 30 NOVO NORDISK CANADA INC,
92802,unit dose vial,5,mL,N,N,2443368,TOBRAMYCIN INHALATION SOLUTION SANDOZ CANADA INCORPORATED,
63101,unit dose vial,5,mL,N,N,2239630,TOBI NOVARTIS PHARMACEUTICALS CANADA INC,
64815,vial,2,mL,Y,N,2241209,TOBRAMYCIN INJECTION USP SANDOZ CANADA INCORPORATED,
49816,vial,2,mL,Y,N,2230639,TOBRAMYCIN INJECTION FRESENIUS KABI CANADA LTD,
87512,unit dose vial,5,mL,Y,N,2389622,TEVA-TOBRAMYCIN TEVA CANADA LIMITED,
49817,vial,2,mL,Y,N,2230640,TOBRAMYCIN INJECTION FRESENIUS KABI CANADA LTD,
49817,vial,30,mL,N,Y,2230640,TOBRAMYCIN INJECTION FRESENIUS KABI CANADA LTD,
64816,vial,2,mL,Y,N,2241210,TOBRAMYCIN INJECTION USP SANDOZ CANADA INCORPORATED,
64816,vial,30,mL,N,Y,2241210,TOBRAMYCIN INJECTION USP SANDOZ CANADA INCORPORATED,
5325,vial,3,mL,N,Y,586714,HUMULIN R ELI LILLY CANADA INC,
67776,vial,2.5,mL,Y,N,2243835,ARGATROBAN NOVARTIS PHARMACEUTICALS CANADA INC,
96262,syringe,1,mL,Y,N,2473232,FASENRA ASTRAZENECA CANADA INC,
3781,vial,5,mL,N,Y,505005,FLUORESCITE ALCON CANADA INC,
86740,vial,5,mL,N,N,2381559,ARZERRA NOVARTIS PHARMACEUTICALS CANADA INC,
86741,vial,50,mL,N,N,2381567,ARZERRA NOVARTIS PHARMACEUTICALS CANADA INC,
94572,ampoule,1,mL,Y,N,2458578,NALOXONE INJECTABLE TELIGENT OU,
13867,ampoule,1,mL,Y,N,873993,DDAVP INJ 4MCG/ML FERRING INC,
94407,syringe,0.5,mL,N,N,2456958,HEPARIN SODIUM INJECTION USP STERINOVA INC,
86817,vial,1,mL,Y,N,2382326,HEPARIN SODIUM INJECTION USP PFIZER CANADA INC,
17227,bag,500,mL,Y,N,1990748,HEPARIN SODIUM IN 0.9% SODIUM CHLORIDE INJECTION PFIZER CANADA INC,
17227,bag,1000,mL,Y,N,1990748,HEPARIN SODIUM IN 0.9% SODIUM CHLORIDE INJECTION PFIZER CANADA INC,
78843,vial,5,mL,Y,N,2303108,HEPARIN SODIUM INJECTION USP (MULTIDOSE VIAL-WITH PRESERVATIVE) SANDOZ CANADA INCORPORATED,
78843,vial,50,mL,N,Y,2303108,HEPARIN SODIUM INJECTION USP (MULTIDOSE VIAL-WITH PRESERVATIVE) SANDOZ CANADA INCORPORATED,
78841,vial,10,mL,Y,N,2303086,HEPARIN SODIUM INJECTION USP (MULTIDOSE VIAL-WITH PRESERVATIVE) SANDOZ CANADA INCORPORATED,
78841,vial,30,mL,N,Y,2303086,HEPARIN SODIUM INJECTION USP (MULTIDOSE VIAL-WITH PRESERVATIVE) SANDOZ CANADA INCORPORATED,
87773,vial,0.5,mL,Y,N,2392453,HEPARIN SODIUM INJECTION USP FRESENIUS KABI CANADA LTD,
74973,vial,1,mL,Y,N,2264307,HEPARIN SODIUM INJECTION USP FRESENIUS KABI CANADA LTD,
74973,vial,5,mL,Y,N,2264307,HEPARIN SODIUM INJECTION USP FRESENIUS KABI CANADA LTD,
78842,vial,1,mL,Y,N,2303094,HEPARIN SODIUM INJECTION USP (SINGLE USE VIAL-PRESERVATIVE FREE) SANDOZ CANADA INCORPORATED,
74976,vial,1,mL,Y,N,2264315,HEPARIN SODIUM INJECTION USP FRESENIUS KABI CANADA LTD,
74976,vial,10,mL,Y,N,2264315,HEPARIN SODIUM INJECTION USP FRESENIUS KABI CANADA LTD,
74976,vial,30,mL,N,Y,2264315,HEPARIN SODIUM INJECTION USP FRESENIUS KABI CANADA LTD,
86815,vial,10,mL,Y,N,2382296,HEPARIN SODIUM INJECTION USP PFIZER CANADA INC,
12647,bag,500,mL,Y,N,894648,HEPARIN SODIUM 20000UNIT/500ML IN DEXT 5% INJ HOSPIRA HEALTHCARE CORPORATION,
12646,bag,500,mL,Y,N,894605,HEPARIN SODIUM 25000UNIT/500ML IN 5% DEXTR INJ HOSPIRA HEALTHCARE CORPORATION,
83627,pen,3,mL,N,Y,2351064,VICTOZA NOVO NORDISK CANADA INC,
92226,pen,3,mL,N,Y,2437899,SAXENDA NOVO NORDISK CANADA INC,
95243,pre-filled pen,3,mL,N,N,2464276,ADLYXINE SANOFI-AVENTIS CANADA INC,
95244,pre-filled pen,3,mL,N,N,2464284,ADLYXINE SANOFI-AVENTIS CANADA INC,
94214,syringe,1,mL,Y,N,2455323,BRENZYS SAMSUNG BIOEPIS CO. LTD,
94215,syringe,1,mL,Y,N,2455331,BRENZYS SAMSUNG BIOEPIS CO. LTD,
76019,syringe,1,mL,Y,N,2274728,ENBREL IMMUNEX CORPORATION,
95072,syringe,1,mL,Y,N,2462850,ERELZI SANDOZ CANADA INCORPORATED,
95073,syringe,1,mL,Y,N,2462869,ERELZI SANDOZ CANADA INCORPORATED,
95074,syringe,0.5,mL,N,N,2462877,ERELZI SANDOZ CANADA INCORPORATED,
73983,pen,3,mL,N,N,2254689,FORTEO ELI LILLY CANADA INC,
2224,ampoule,1,mL,Y,N,318736,PROSTIN F2 ALPHA PFIZER CANADA INC,
87760,syringe,0.4,mL,Y,N,2392313,ARANESP -(HSA-FREE) AMGEN CANADA INC,
87711,syringe,0.3,mL,Y,N,2391791,ARANESP -(HSA-FREE) AMGEN CANADA INC,
87712,syringe,0.4,mL,Y,N,2391805,ARANESP -(HSA-FREE) AMGEN CANADA INC,
87714,syringe,0.6,mL,Y,N,2391821,ARANESP -(HSA-FREE) AMGEN CANADA INC,
87764,syringe,1,mL,Y,N,2392364,ARANESP -(HSA-FREE) AMGEN CANADA INC,
87762,syringe,0.3,mL,Y,N,2392348,ARANESP -(HSA-FREE) AMGEN CANADA INC,
87706,syringe,0.4,mL,Y,N,2391740,ARANESP -(HSA-FREE) AMGEN CANADA INC,
87707,syringe,0.5,mL,Y,N,2391759,ARANESP -(HSA-FREE) AMGEN CANADA INC,
87708,syringe,0.4,mL,Y,N,2391767,ARANESP -(HSA-FREE) AMGEN CANADA INC,
87709,syringe,0.5,mL,Y,N,2391775,ARANESP -(HSA-FREE) AMGEN CANADA INC,
87710,syringe,0.65,mL,Y,N,2391783,ARANESP -(HSA-FREE) AMGEN CANADA INC,
87763,syringe,0.3,mL,Y,N,2392356,ARANESP -(HSA-FREE) AMGEN CANADA INC,
87761,syringe,0.5,mL,Y,N,2392321,ARANESP -(HSA-FREE) AMGEN CANADA INC,
82897,syringe,1,mL,Y,N,2343541,PROLIA AMGEN CANADA INC,
85304,vial,1.7,mL,N,N,2368153,XGEVA AMGEN CANADA INC,
92869,vial,2,mL,Y,N,2443910,BELKYRA KYTHERA BIOPHARMACEUTICALS INC.,
415,ampoule,1,mL,Y,N,27243,DIHYDROERGOTAMINE (DHE) 1MG/ML STERIMAX INC,
65680,vial,20,mL,Y,N,2242010,DOBUTAMINE INJECTION USP SANDOZ CANADA INCORPORATED,
87038,ampoule,20,mL,Y,N,2384671,DOBUTAMINE INJECTION SDZ SANDOZ CANADA INCORPORATED,
95055,vial,20,mL,Y,N,2462729,DOBUTAMINE INJECTION USP TELIGENT OU,
43041,vial,20,mL,N,N,2210401,DOBUTAMINE INJECTION USP PFIZER CANADA INC,
15483,ampoule,2.5,mL,Y,N,2046733,PULMOZYME 1MG/ML HOFFMANN-LA ROCHE LIMITED,
93431,pen,0.5,mL,N,N,2448602,TRULICITY ELI LILLY CANADA INC,
93430,syringe,0.5,mL,N,N,2448599,TRULICITY  ELI LILLY CANADA INC,
80774,vial,30,mL,Y,N,2322285,SOLIRIS ALEXION PHARMA GMBH,
69618,syringe,0.5,mL,N,N,2245531,ARIXTRA ASPEN PHARMACARE CANADA INC,
89154,syringe,0.5,mL,N,N,2406853,FONDAPARINUX SODIUM INJECTION DR REDDYS LABORATORIES LTD,
89156,syringe,0.6,mL,N,N,2406896,FONDAPARINUX SODIUM INJECTION DR REDDYS LABORATORIES LTD,
74328,syringe,0.6,mL,N,N,2258056,ARIXTRA ASPEN PHARMACARE CANADA INC,
14577,vial,2,mL,Y,N,2039508,GLYCOPYRROLATE INJECTION USP SANDOZ CANADA INCORPORATED,
14577,vial,20,mL,Y,N,2039508,GLYCOPYRROLATE INJECTION USP SANDOZ CANADA INCORPORATED,
86865,vial,20,mL,Y,N,2382849,GLYCOPYRROLATE INJECTION MULTIDOSE OMEGA LABORATORIES LTD,
86866,vial,1,mL,Y,N,2382857,GLYCOPYRROLATE INJECTION OMEGA LABORATORIES LTD,
86866,vial,2,mL,Y,N,2382857,GLYCOPYRROLATE INJECTION OMEGA LABORATORIES LTD,
34560,ampoule,1,mL,Y,N,2169991,LOXAPAC IM SANDOZ CANADA INCORPORATED,
78527,vial,50,mL,Y,N,2299925,ATRIANCE NOVARTIS PHARMACEUTICALS CANADA INC,
93204,vial,4,mL,Y,N,2446626,OPDIVO BRISTOL-MYERS SQUIBB CANADA,
93205,vial,10,mL,N,N,2446634,OPDIVO BRISTOL-MYERS SQUIBB CANADA,
88731,syringe,1,mL,Y,N,2402475,ORENCIA BRISTOL-MYERS SQUIBB CANADA,
90055,vial,0.05,mL,Y,N,2415992,EYLEA BAYER INC,
73392,vial,3.5,mL,Y,N,2249057,REPLAGAL SHIRE HUMAN GENETIC THERAPIES INC,
77636,vial,1,mL,Y,N,2290960,MABCAMPATH SANOFI GENZYME A DIVISION OF SANOFI-AVENTIS CANADA INC,
90290,vial,1.2,mL,N,N,2418320,LEMTRADA SANOFI GENZYME A DIVISION OF SANOFI-AVENTIS CANADA INC,
92969,vial,0.45,mL,Y,N,2444615,STRENSIQ ALEXION PHARMA GMBH,
92970,vial,0.7,mL,Y,N,2444623,STRENSIQ ALEXION PHARMA GMBH,
92971,vial,1,mL,Y,N,2444631,STRENSIQ ALEXION PHARMA GMBH,
92972,vial,0.8,mL,Y,N,2444658,STRENSIQ ALEXION PHARMA GMBH,
95089,vial,20,mL,Y,N,2462990,TECENTRIQ HOFFMANN-LA ROCHE LIMITED,
2390,syringe,10,mL,N,N,328154,ATROPINE SULFATE INJECTION USP PFIZER CANADA INC,
3554,ampoule,1,mL,Y,N,392782,ATROPINE SULFATE INJECTION USP SANDOZ CANADA INCORPORATED,
91662,ampoule,1,mL,Y,N,2432188,ATROPINE INJECTION BP TELIGENT OU,
91663,ampoule,1,mL,Y,N,2432196,ATROPINE INJECTION BP TELIGENT OU,
3553,ampoule,1,mL,Y,N,392693,ATROPINE SULFATE INJECTION USP SANDOZ CANADA INCORPORATED,
91086,syringe,5,mL,N,N,2426269,ATROPINE SULFATE INJECTION BIOSYENT PHARMA INC,
91087,syringe,5,mL,N,N,2426277,ATROPINE SULFATE INJECTION BIOSYENT PHARMA INC,
95946,syringe,1,mL,N,N,2470489,BENLYSTA GLAXOSMITHKLINE INC,
14318,vial,4,mL,Y,N,2016109,SURVANTA ABBVIE CORPORATION,
14318,vial,8,mL,Y,N,2016109,SURVANTA ABBVIE CORPORATION,
75642,vial,4,mL,Y,N,2270994,AVASTIN HOFFMANN-LA ROCHE LIMITED,
75642,vial,16,mL,Y,N,2270994,AVASTIN HOFFMANN-LA ROCHE LIMITED,
19356,vial,10,mL,Y,N,2185377,BRETYLIUM TOSYLATE INJECTION USP SANDOZ CANADA INCORPORATED,
92837,vial,10,mL,Y,N,2443686,BUPIVACAINE INJECTION BP STERIMAX INC,
92837,vial,20,mL,Y,N,2443686,BUPIVACAINE INJECTION BP STERIMAX INC,
16161,vial,10,mL,Y,N,1976141,SENSORCAINE ASPEN PHARMACARE CANADA INC,
16161,vial,20,mL,Y,N,1976141,SENSORCAINE ASPEN PHARMACARE CANADA INC,
65588,vial,10,mL,Y,N,2241918,MARCAINE PFIZER CANADA INC,
65588,vial,20,mL,Y,N,2241918,MARCAINE PFIZER CANADA INC,
65589,vial,10,mL,Y,N,2241919,MARCAINE PFIZER CANADA INC,
65589,vial,20,mL,Y,N,2241919,MARCAINE PFIZER CANADA INC,
16164,vial,10,mL,Y,N,1976168,SENSORCAINE ASPEN PHARMACARE CANADA INC,
16164,vial,20,mL,Y,N,1976168,SENSORCAINE ASPEN PHARMACARE CANADA INC,
92838,vial,10,mL,Y,N,2443694,BUPIVACAINE INJECTION BP STERIMAX INC,
92838,vial,20,mL,Y,N,2443694,BUPIVACAINE INJECTION BP STERIMAX INC,
94807,ampoule,2,mL,Y,N,2460645,BUPIVACAINE HYDROCHLORIDE IN DEXTROSE INJECTION USP STERIMAX INC,
65584,ampoule,2,mL,N,N,2241914,MARCAINE SPINAL PFIZER CANADA INC,
65587,vial,20,mL,N,N,2241917,MARCAINE PFIZER CANADA INC,
79145,vial,50,mL,N,N,2305909,MARCAINE PFIZER CANADA INC,
79144,vial,50,mL,N,N,2305895,MARCAINE PFIZER CANADA INC,
64173,vial,10,mL,N,N,2240602,BUSULFEX OTSUKA PHARMACEUTICAL CO LTD,
95184,vial,10,mL,N,N,2463733,BUSULFAN FOR INJECTION STERIMAX INC,
12837,vial,2,mL,Y,N,1926691,CALCIMAR SOLUTION INJ 200UNIT/ML SANOFI-AVENTIS CANADA INC,
94767,vial,1,mL,Y,N,2460351,ILARIS NOVARTIS PHARMACEUTICALS CANADA INC,
3906,vial,1.5,mL,N,Y,42544,MIOSTAT OPHTHALMIC LIQ 0.01% ALCON CANADA INC,
50960,vial,1,mL,Y,N,2231593,DURATOCIN INJECTION FERRING INC,
43846,vial,5,mL,Y,N,2126680,CARBOPLATIN INJECTION BP PFIZER CANADA INC,
43846,vial,15,mL,Y,N,2126680,CARBOPLATIN INJECTION BP PFIZER CANADA INC,
43846,vial,45,mL,Y,N,2126680,CARBOPLATIN INJECTION BP PFIZER CANADA INC,
43846,vial,60,mL,Y,N,2126680,CARBOPLATIN INJECTION BP PFIZER CANADA INC,
17830,vial,5,mL,Y,N,2125439,CARBOPLATIN INJECTION TEVA CANADA LIMITED,
17830,vial,15,mL,Y,N,2125439,CARBOPLATIN INJECTION TEVA CANADA LIMITED,
17830,vial,45,mL,Y,N,2125439,CARBOPLATIN INJECTION TEVA CANADA LIMITED,
17830,vial,60,mL,Y,N,2125439,CARBOPLATIN INJECTION TEVA CANADA LIMITED,
85093,vial,5,mL,Y,N,2366053,CARBOPLATIN INJECTION OMEGA LABORATORIES LTD,
85093,vial,15,mL,Y,N,2366053,CARBOPLATIN INJECTION OMEGA LABORATORIES LTD,
85093,vial,45,mL,Y,N,2366053,CARBOPLATIN INJECTION OMEGA LABORATORIES LTD,
85093,vial,60,mL,Y,N,2366053,CARBOPLATIN INJECTION OMEGA LABORATORIES LTD,
80581,vial,5,mL,Y,N,2320371,CARBOPLATIN INJECTION ACCORD HEALTHCARE INC,
80581,vial,15,mL,Y,N,2320371,CARBOPLATIN INJECTION ACCORD HEALTHCARE INC,
80581,vial,45,mL,Y,N,2320371,CARBOPLATIN INJECTION ACCORD HEALTHCARE INC,
49287,ampoule,1,mL,Y,N,2230417,HEMABATE PFIZER CANADA INC,
75672,vial,50,mL,Y,N,2271249,ERBITUX IMCLONE LLC,
75672,vial,100,mL,Y,N,2271249,ERBITUX IMCLONE LLC,
84686,pre-filled pen,2.4,mL,N,N,2361817,BYETTA ASTRAZENECA CANADA INC,
84685,pre-filled pen,1.2,mL,N,N,2361809,BYETTA ASTRAZENECA CANADA INC,
96413,cartridge,1.08,mL,N,N,2474085,REKOVELLE FERRING INC,
96412,cartridge,2.16,mL,N,N,2474077,REKOVELLE FERRING INC,
96414,cartridge,0.36,mL,N,N,2474093,REKOVELLE FERRING INC,
425,vial,2,mL,Y,N,30732,LINCOCIN PFIZER CANADA INC,
96490,bottle,3,mL,N,Y,2474719,PENTHROX PURDUE PHARMA,
19357,vial,10,mL,Y,N,2184486,PROCAINAMIDE HYDROCHLORIDE INJ. USP SANDOZ CANADA INCORPORATED,
96058,pre-filled pen,1.5,mL,N,N,2471469,OZEMPIC NOVO NORDISK CANADA INC,
96059,pen,1.5,mL,N,Y,2471477,OZEMPIC NOVO NORDISK CANADA INC,
43417,vial,5.5,mL,N,Y,2225166,SUPREFACT SANOFI-AVENTIS CANADA INC,
43196,vial,5,mL,Y,N,2216973,REOPRO JANSSEN INC,
70033,syringe,0.67,mL,N,Y,2245913,KINERET SWEDISH ORPHAN BIOVITRUM AB (PUBL),
90487,vial,2,mL,Y,N,2420287,JAMP-TOBRAMYCIN JAMP PHARMA CORPORATION,
90487,vial,30,mL,N,Y,2420287,JAMP-TOBRAMYCIN JAMP PHARMA CORPORATION,
73983,pre-filled pen,3,mL,N,N,2254689,FORTEO ELI LILLY CANADA INC,
86314,vial,2,mL,Y,N,2377438,HALAVEN EISAI LIMITED,
50926,vial,20,mL,Y,N,2231590,ABELCET LEADIANT BIOSCIENCES INC,
10770,vial,50,mL,Y,N,821780,CALCIJECT INJ 100MG/ML OMEGA LABORATORIES LTD,
81737,syringe,1,mL,Y,N,2331675,CIMZIA UCB CANADA INC,
95373,syringe,1,mL,Y,N,2465574,CIMZIA UCB CANADA INC,
74742,syringe,0.5,mL,N,N,2262088,OVIDREL EMD SERONO A DIVISION OF EMD INC CANADA,
85673,pen,0.5,mL,N,N,2371588,OVIDREL EMD SERONO A DIVISION OF EMD INC CANADA,
16224,vial,10,mL,Y,N,2091143,MICRO PLUS 4 CONCENTRATE SANDOZ CANADA INCORPORATED,
19923,vial,5,mL,Y,N,2091135,MICRO PLUS 4 REGULAR STRENGTH SANDOZ CANADA INCORPORATED,
13523,vial,10,mL,Y,N,786985,MICRO CR SANDOZ CANADA INCORPORATED,
43840,vial,50,mL,Y,N,2126613,CISPLATIN INJECTION BP PFIZER CANADA INC,
43840,vial,100,mL,Y,N,2126613,CISPLATIN INJECTION BP PFIZER CANADA INC,
85155,vial,10,mL,Y,N,2366711,CISPLATIN INJECTION BP SANDOZ CANADA INCORPORATED,
85155,vial,50,mL,Y,N,2366711,CISPLATIN INJECTION BP SANDOZ CANADA INCORPORATED,
85155,vial,100,mL,Y,N,2366711,CISPLATIN INJECTION BP SANDOZ CANADA INCORPORATED,
88800,vial,10,mL,Y,N,2403188,CISPLATIN INJECTION TEVA CANADA LIMITED,
88800,vial,50,mL,Y,N,2403188,CISPLATIN INJECTION TEVA CANADA LIMITED,
88800,vial,100,mL,Y,N,2403188,CISPLATIN INJECTION TEVA CANADA LIMITED,
80536,vial,10,mL,Y,N,2319918,CLADRIBINE INJECTION FRESENIUS KABI CANADA LTD,
81614,vial,20,mL,Y,N,2330407,CLOLAR SANOFI-AVENTIS CANADA INC,
13563,vial,10,mL,Y,N,786969,MICRO CU SANDOZ CANADA INCORPORATED,
43843,vial,1,mL,Y,N,2126656,CYTARABINE INJECTION PFIZER CANADA INC,
43843,vial,10,mL,Y,N,2126656,CYTARABINE INJECTION PFIZER CANADA INC,
43843,vial,20,mL,Y,N,2126656,CYTARABINE INJECTION PFIZER CANADA INC,
89145,vial,10,mL,Y,N,2406772,PMS-CYTARABINE PHARMASCIENCE INC,
89145,vial,20,mL,Y,N,2406772,PMS-CYTARABINE PHARMASCIENCE INC,
89144,vial,5,mL,Y,N,2406764,PMS-CYTARABINE PHARMASCIENCE INC,
89144,vial,25,mL,Y,N,2406764,PMS-CYTARABINE PHARMASCIENCE INC,
94282,vial,5,mL,N,N,2455951,DARZALEX JANSSEN INC,
94283,vial,20,mL,N,N,2455978,DARZALEX JANSSEN INC,
84699,vial,2,mL,Y,N,2361957,DOCETAXEL INJECTION USP PFIZER CANADA INC,
84699,vial,8,mL,Y,N,2361957,DOCETAXEL INJECTION USP PFIZER CANADA INC,
84699,vial,16,mL,Y,N,2361957,DOCETAXEL INJECTION USP PFIZER CANADA INC,
92370,vial,2,mL,Y,N,2439336,DOCETAXEL INJECTION SANDOZ CANADA INCORPORATED,
92370,vial,8,mL,Y,N,2439336,DOCETAXEL INJECTION SANDOZ CANADA INCORPORATED,
92370,vial,16,mL,Y,N,2439336,DOCETAXEL INJECTION SANDOZ CANADA INCORPORATED,
92134,vial,1,mL,Y,N,2437031,DOCETAXEL INJECTION ACCORD HEALTHCARE INC,
92134,vial,4,mL,Y,N,2437031,DOCETAXEL INJECTION ACCORD HEALTHCARE INC,
92134,vial,8,mL,Y,N,2437031,DOCETAXEL INJECTION ACCORD HEALTHCARE INC,
94508,vial,1,mL,Y,N,2458020,DOCETAXEL INJECTION BIOLYSE PHARMA CORPORATION,
94508,vial,4,mL,Y,N,2458020,DOCETAXEL INJECTION BIOLYSE PHARMA CORPORATION,
94508,vial,8,mL,Y,N,2458020,DOCETAXEL INJECTION BIOLYSE PHARMA CORPORATION,
86113,vial,5,mL,Y,N,2375710,DOXORUBICIN HYDROCHLORIDE INJECTION SANDOZ CANADA INCORPORATED,
86113,vial,25,mL,Y,N,2375710,DOXORUBICIN HYDROCHLORIDE INJECTION SANDOZ CANADA INCORPORATED,
86113,vial,100,mL,N,Y,2375710,DOXORUBICIN HYDROCHLORIDE INJECTION SANDOZ CANADA INCORPORATED,
86785,vial,5,mL,Y,N,2381982,DOXORUBICIN INJECTION ACCORD HEALTHCARE INC,
86785,vial,10,mL,Y,N,2381982,DOXORUBICIN INJECTION ACCORD HEALTHCARE INC,
86785,vial,25,mL,Y,N,2381982,DOXORUBICIN INJECTION ACCORD HEALTHCARE INC,
86785,vial,100,mL,N,Y,2381982,DOXORUBICIN INJECTION ACCORD HEALTHCARE INC,
89399,vial,5,mL,Y,N,2409275,DOXORUBICIN HYDROCHLORIDE INJECTION TEVA CANADA LIMITED,
89399,vial,25,mL,Y,N,2409275,DOXORUBICIN HYDROCHLORIDE INJECTION TEVA CANADA LIMITED,
89399,vial,100,mL,N,Y,2409275,DOXORUBICIN HYDROCHLORIDE INJECTION TEVA CANADA LIMITED,
89506,vial,5,mL,Y,N,2410397,DOXORUBICIN PFIZER CANADA INC,
89506,vial,25,mL,Y,N,2410397,DOXORUBICIN PFIZER CANADA INC,
89506,vial,100,mL,N,Y,2410397,DOXORUBICIN PFIZER CANADA INC,
61804,vial,10,mL,Y,N,2238389,CAELYX JANSSEN INC,
91171,vial,5,mL,Y,N,2427184,VIMIZIM BIOMARIN INTERNATIONAL LIMITED,
75043,vial,5,mL,Y,N,2264927,EPIRUBICIN HYDROCHLORIDE INJECTION PFIZER CANADA INC,
75043,vial,25,mL,Y,N,2264927,EPIRUBICIN HYDROCHLORIDE INJECTION PFIZER CANADA INC,
75043,vial,50,mL,Y,N,2264927,EPIRUBICIN HYDROCHLORIDE INJECTION PFIZER CANADA INC,
75043,vial,100,mL,N,Y,2264927,EPIRUBICIN HYDROCHLORIDE INJECTION PFIZER CANADA INC,
80958,vial,5,mL,Y,N,2324091,EPIRUBICIN FOR INJECTION TEVA CANADA LIMITED,
80958,vial,10,mL,Y,N,2324091,EPIRUBICIN FOR INJECTION TEVA CANADA LIMITED,
80958,vial,25,mL,Y,N,2324091,EPIRUBICIN FOR INJECTION TEVA CANADA LIMITED,
80958,vial,75,mL,Y,N,2324091,EPIRUBICIN FOR INJECTION TEVA CANADA LIMITED,
80958,vial,100,mL,N,Y,2324091,EPIRUBICIN FOR INJECTION TEVA CANADA LIMITED,
89507,vial,5,mL,Y,N,2410400,PMS-EPIRUBICIN PHARMASCIENCE INC,
89507,vial,25,mL,Y,N,2410400,PMS-EPIRUBICIN PHARMASCIENCE INC,
89507,vial,100,mL,N,Y,2410400,PMS-EPIRUBICIN PHARMASCIENCE INC,
50949,syringe,0.5,mL,N,N,2231583,EPREX STERILE SOLUTION 1000IU/0.5ML JANSSEN INC,
50953,syringe,1,mL,Y,N,2231587,EPREX STERILE SOLUTION 10000IU/1.0ML JANSSEN INC,
50950,syringe,0.5,mL,N,N,2231584,EPREX STERILE SOLUTION 2000IU/0.5ML JANSSEN INC,
67133,syringe,0.5,mL,N,N,2243239,EPREX STERILE SOLUTION JANSSEN INC,
50951,syringe,0.3,mL,N,N,2231585,EPREX STERILE SOLUTION 3000IU/0.3ML JANSSEN INC,
77409,syringe,0.75,mL,N,N,2288680,EPREX STERILE SOLUTION JANSSEN INC,
50952,syringe,0.4,mL,N,N,2231586,EPREX STERILE SOLUTION 4000IU/0.4ML JANSSEN INC,
64311,syringe,1,mL,Y,N,2240722,EPREX STERILE SOLUTION 40000IU/ML JANSSEN INC,
67308,syringe,0.5,mL,N,N,2243400,EPREX STERILE SOLUTION 5000IU/0.5ML JANSSEN INC,
67309,syringe,0.6,mL,N,N,2243401,EPREX STERILE SOLUTION 6000 IU/0.6 ML JANSSEN INC,
67311,syringe,0.8,mL,N,N,2243403,EPREX STERILE SOLUTION 8000 IU/0.8 ML JANSSEN INC,
63892,vial,100,mL,N,Y,2240351,INTEGRILIN MERCK CANADA INC,
63894,vial,10,mL,N,Y,2240352,INTEGRILIN MERCK CANADA INC,
92564,ampoule,1,mL,Y,N,2441241,ERGONOVINE MALEATE INJECTION TELIGENT OU,
16507,vial,5,mL,Y,N,2080036,ETOPOSIDE INJECTION TEVA CANADA LIMITED,
16507,vial,10,mL,Y,N,2080036,ETOPOSIDE INJECTION TEVA CANADA LIMITED,
16507,vial,20,mL,Y,N,2080036,ETOPOSIDE INJECTION TEVA CANADA LIMITED,
16507,vial,25,mL,Y,N,2080036,ETOPOSIDE INJECTION TEVA CANADA LIMITED,
16507,vial,50,mL,Y,N,2080036,ETOPOSIDE INJECTION TEVA CANADA LIMITED,
86669,vial,5,mL,Y,N,2380935,ETOPOSIDE INJECTION USP SANDOZ CANADA INCORPORATED,
86669,vial,10,mL,Y,N,2380935,ETOPOSIDE INJECTION USP SANDOZ CANADA INCORPORATED,
86669,vial,25,mL,Y,N,2380935,ETOPOSIDE INJECTION USP SANDOZ CANADA INCORPORATED,
86669,vial,50,mL,Y,N,2380935,ETOPOSIDE INJECTION USP SANDOZ CANADA INCORPORATED,
92587,syringe,0.5,mL,N,N,2441489,GRASTOFIL APOTEX INC,
12474,vial,1,mL,Y,N,1968017,NEUPOGEN AMGEN CANADA INC,
12474,vial,1.6,mL,Y,N,1968017,NEUPOGEN AMGEN CANADA INC,
94117,syringe,0.8,mL,N,N,2454548,GRASTOFIL APOTEX INC,
90471,syringe,0.5,mL,Y,N,2420104,NEUPOGEN AMGEN CANADA INC,
90472,syringe,0.8,mL,Y,N,2420112,NEUPOGEN AMGEN CANADA INC,
76943,vial,2,mL,Y,N,2283859,FLUDARABINE PHOSPHATE FOR INJECTION TEVA CANADA LIMITED,
73439,vial,5,mL,Y,N,2249561,FLUMAZENIL INJECTION SANDOZ CANADA INCORPORATED,
75176,vial,5,mL,Y,N,2266342,FLUMAZENIL INJECTION FRESENIUS KABI CANADA LTD,
75176,vial,10,mL,Y,N,2266342,FLUMAZENIL INJECTION FRESENIUS KABI CANADA LTD,
75578,pen,0.5,mL,N,N,2270404,GONAL-F PEN EMD SERONO A DIVISION OF EMD INC CANADA,
75577,pen,0.75,mL,N,N,2270390,GONAL-F PEN EMD SERONO A DIVISION OF EMD INC CANADA,
75576,pen,1.5,mL,N,N,2270382,GONAL-F PEN EMD SERONO A DIVISION OF EMD INC CANADA,
66154,vial,0.5,mL,N,N,2242441,PUREGON MERCK CANADA INC,
66152,vial,0.5,mL,N,N,2242439,PUREGON MERCK CANADA INC,
89735,vial,5,mL,Y,N,2412683,NAGLAZYME BIOMARIN PHARMACEUTICAL INC,
88767,vial,5.3,mL,N,Y,2402831,GEMCITABINE INJECTION PFIZER CANADA INC,
88767,vial,26.3,mL,N,Y,2402831,GEMCITABINE INJECTION PFIZER CANADA INC,
88767,vial,52.6,mL,N,Y,2402831,GEMCITABINE INJECTION PFIZER CANADA INC,
91752,vial,5.26,mL,N,Y,2433117,ACT GEMCITABINE ACTAVIS PHARMA COMPANY,
91752,vial,26.3,mL,N,Y,2433117,ACT GEMCITABINE ACTAVIS PHARMA COMPANY,
91752,vial,52.6,mL,N,Y,2433117,ACT GEMCITABINE ACTAVIS PHARMA COMPANY,
89685,vial,5,mL,N,Y,2412292,GEMCITABINE INJECTION SANDOZ CANADA INCORPORATED,
89685,vial,25,mL,N,Y,2412292,GEMCITABINE INJECTION SANDOZ CANADA INCORPORATED,
89685,vial,50,mL,N,Y,2412292,GEMCITABINE INJECTION SANDOZ CANADA INCORPORATED,
13156,ampoule,1,mL,Y,N,1927620,MYOCHRYSINE SANOFI-AVENTIS CANADA INC,
12846,ampoule,1,mL,Y,N,1927612,MYOCHRYSINE SANOFI-AVENTIS CANADA INC,
12845,ampoule,1,mL,Y,N,1927604,MYOCHRYSINE SANOFI-AVENTIS CANADA INC,
89785,syringe,1,mL,N,N,2413175,SIMPONI JANSSEN INC,
89786,syringe,1,mL,N,N,2413183,SIMPONI JANSSEN INC,
81020,syringe,0.5,mL,N,N,2324776,SIMPONI JANSSEN INC,
81021,syringe,0.5,mL,N,N,2324784,SIMPONI JANSSEN INC,
90217,vial,4,mL,N,N,2417472,SIMPONI I.V. JANSSEN INC,
89467,vial,5,mL,Y,N,2410028,IDARUBICIN PFIZER CANADA INC,
89467,vial,10,mL,Y,N,2410028,IDARUBICIN PFIZER CANADA INC,
89467,vial,20,mL,Y,N,2410028,IDARUBICIN PFIZER CANADA INC,
78165,vial,3,mL,Y,N,2296314,ELAPRASE SHIRE HUMAN GENETIC THERAPIES INC,
6261,vial,10,mL,Y,N,623571,SALIJECT 570MG/ML OMEGA LABORATORIES LTD,
1619,vial,1,mL,Y,N,260428,DEPO-MEDROL WITH LIDOCAINE PFIZER CANADA INC,
1619,vial,2,mL,Y,N,260428,DEPO-MEDROL WITH LIDOCAINE PFIZER CANADA INC,
1619,vial,5,mL,Y,N,260428,DEPO-MEDROL WITH LIDOCAINE PFIZER CANADA INC,
72981,syringe,5,mL,Y,N,2248624,FASLODEX ASTRAZENECA CANADA INC,
84044,vial,10,mL,Y,N,2355183,CISPLATIN INJECTION BP ACCORD HEALTHCARE INC,
84044,vial,50,mL,Y,N,2355183,CISPLATIN INJECTION BP ACCORD HEALTHCARE INC,
84044,vial,100,mL,Y,N,2355183,CISPLATIN INJECTION BP ACCORD HEALTHCARE INC,
94091,vial,50,mL,Y,N,2454343,PRAXBIND BOEHRINGER INGELHEIM (CANADA) LTD LTEE,
78773,vial,20,mL,N,Y,2302411,XYLOCAINE 1% ASPEN PHARMACARE CANADA INC,
78773,vial,50,mL,N,Y,2302411,XYLOCAINE 1% ASPEN PHARMACARE CANADA INC,
78774,vial,20,mL,N,Y,2302438,XYLOCAINE 2% ASPEN PHARMACARE CANADA INC,
78774,vial,50,mL,N,Y,2302438,XYLOCAINE 2% ASPEN PHARMACARE CANADA INC,
62105,vial,3,mL,Y,N,2238674,INTRON A MERCK CANADA INC,
64280,pen,1.2,mL,N,Y,2240693,INTRON A MERCK CANADA INC,
64281,pen,1.2,mL,N,Y,2240694,INTRON A MERCK CANADA INC,
64282,pen,1.2,mL,N,Y,2240695,INTRON A MERCK CANADA INC,
60641,syringe,0.5,mL,N,N,2237320,REBIF EMD SERONO A DIVISION OF EMD INC CANADA,
60642,syringe,0.5,mL,N,N,2269201,REBIF EMD SERONO A DIVISION OF EMD INC CANADA,
80376,cartridge,1.5,mL,N,N,2318253,REBIF EMD SERONO A DIVISION OF EMD INC CANADA,
80377,cartridge,1.5,mL,N,N,2318261,REBIF EMD SERONO A DIVISION OF EMD INC CANADA,
13600,vial,10,mL,Y,N,1974548,MICRO I SANDOZ CANADA INCORPORATED,
86525,vial,10,mL,Y,N,2379384,YERVOY BRISTOL-MYERS SQUIBB CANADA,
86525,vial,40,mL,Y,N,2379384,YERVOY BRISTOL-MYERS SQUIBB CANADA,
11642,ampoule,1,mL,Y,N,897639,ISOPROTERENOL HYDROCHLORIDE INJECTION USP SANDOZ CANADA INCORPORATED,
11642,vial,5,mL,Y,N,897639,ISOPROTERENOL HYDROCHLORIDE INJECTION USP SANDOZ CANADA INCORPORATED,
94193,syringe,1,mL,Y,N,2455102,TALTZ ELI LILLY CANADA INC,
94194,syringe,1,mL,Y,N,2455110,TALTZ ELI LILLY CANADA INC,
76900,syringe,0.5,mL,N,N,2283395,SOMATULINE AUTOGEL IPSEN BIOPHARM LIMITED,
76901,syringe,0.5,mL,N,N,2283409,SOMATULINE AUTOGEL IPSEN BIOPHARM LIMITED,
76902,syringe,0.5,mL,N,N,2283417,SOMATULINE AUTOGEL IPSEN BIOPHARM LIMITED,
73940,vial,5,mL,Y,N,2254506,"ALDURAZYME SANOFI GENZYME, A DIVISION OF SANOFI-AVENTIS CANADA INC",
18209,vial,50,mL,Y,N,2087316,LEUCOVORIN CALCIUM INJECTION TEVA CANADA LIMITED,
44265,vial,50,mL,Y,N,2182998,LEUCOVORIN CALCIUM INJECTION USP PFIZER CANADA INC,
44266,vial,5,mL,Y,N,2183005,LEUCOVORIN CALCIUM INJECTION USP PFIZER CANADA INC,
585,ampoule,2,mL,Y,N,1732,XYLOCAINE 1% ASPEN PHARMACARE CANADA INC,
585,ampoule,5,mL,Y,N,1732,XYLOCAINE 1% ASPEN PHARMACARE CANADA INC,
585,ampoule,10,mL,Y,N,1732,XYLOCAINE 1% ASPEN PHARMACARE CANADA INC,
4478,ampoule,5,mL,N,N,1937,XYLOCARD ASPEN PHARMACARE CANADA INC,
7367,vial,2.8,mL,N,Y,727695,LUPRON ABBVIE CORPORATION,
4478,ampoule,5,mL,N,N,1937,XYLOCARD ASPEN PHARMACARE CANADA INC,
85810,vial,20,mL,Y,N,2372983,XYLOCAINE 0.5% ASPEN PHARMACARE CANADA INC,
587,ampoule,2,mL,Y,N,36641,XYLOCAINE 2% ASPEN PHARMACARE CANADA INC,
587,ampoule,5,mL,Y,N,36641,XYLOCAINE 2% ASPEN PHARMACARE CANADA INC,
587,ampoule,10,mL,Y,N,36641,XYLOCAINE 2% ASPEN PHARMACARE CANADA INC,
90668,ampoule,5,mL,Y,N,2421984,LIDOCAINE HCL INJECTION TELIGENT OU,
90668,ampoule,10,mL,Y,N,2421984,LIDOCAINE HCL INJECTION TELIGENT OU,
90668,vial,5,mL,Y,N,2421984,LIDOCAINE HCL INJECTION TELIGENT OU,
90671,ampoule,5,mL,Y,N,2421992,LIDOCAINE HCL INJECTION TELIGENT OU,
90671,ampoule,10,mL,y,N,2421992,LIDOCAINE HCL INJECTION TELIGENT OU,
90672,vial,20,mL,Y,N,2422026,LIDOCAINE HCL INJECTION WITH PRESERVATIVE TELIGENT OU,
90672,vial,50,mL,Y,N,2422026,LIDOCAINE HCL INJECTION WITH PRESERVATIVE TELIGENT OU,
90670,vial,20,mL,Y,N,2422018,LIDOCAINE HCL INJECTION WITH PRESERVATIVE TELIGENT OU,
90670,vial,50,mL,Y,N,2422018,LIDOCAINE HCL INJECTION WITH PRESERVATIVE TELIGENT OU,
2743,cartridge,1.8,mL,Y,N,364304,ISOCAINE HCL INJ 3% NOVOCOL PHARMACEUTICAL OF CANADA INC,
3804,cartridge,1.8,mL,Y,N,479934,SCANDONEST 3% PLAIN INJ SEPTODONT,
65671,vial,20,mL,Y,N,2242001,CARBOCAINE 2% PFIZER CANADA INC,
81649,cartridge,1.8,mL,Y,N,2330733,3% POLOCAINE DENTAL DENTSPLY CANADA LIMITED,
79388,vial,0.6,mL,Y,N,2308215,RELISTOR SALIX PHARMACEUTICALS INC,
68844,vial,10,mL,Y,N,2244854,MILRINONE LACTATE INJECTION SANDOZ CANADA INCORPORATED,
68844,vial,20,mL,Y,N,2244854,MILRINONE LACTATE INJECTION SANDOZ CANADA INCORPORATED,
68609,vial,10,mL,Y,N,2244622,MILRINONE LACTATE INJECTION FRESENIUS KABI CANADA LTD,
68609,vial,20,mL,Y,N,2244622,MILRINONE LACTATE INJECTION FRESENIUS KABI CANADA LTD,
77176,vial,10,mL,Y,N,2286300,MITOXANTRONE INJECTION FRESENIUS KABI CANADA LTD,
91954,cartridge,1.8,mL,Y,N,2435276,4% CITANEST PLAIN DENTAL DENTSPLY CANADA LIMITED,
4787,ampoule,1,mL,N,N,541869,SCOPOLAMINE HYDROBROMIDE INJECTION USP PFIZER CANADA INC,
66635,vial,1,mL,Y,N,2242810,SCOPOLAMINE HYDROBROMIDE INJECTION OMEGA LABORATORIES LTD,
4788,ampoule,1,mL,N,N,541877,SCOPOLAMINE HYDROBROMIDE INJECTION USP PFIZER CANADA INC,
66636,vial,1,mL,Y,N,2242811,SCOPOLAMINE HYDROBROMIDE INJECTION OMEGA LABORATORIES LTD,
13416,vial,10,mL,Y,N,787000,MICRO ZN SANDOZ CANADA INCORPORATED,
13451,vial,10,mL,Y,N,787019,MICRO ZN SANDOZ CANADA INCORPORATED,
68929,vial,10,mL,Y,N,2244931,MESNA FOR INJECTION FRESENIUS KABI CANADA LTD,
89096,vial,20,mL,Y,N,2406233,UVADEX THERAKOS INC,
85696,vial,10,mL,Y,N,2371839,UROMITEXAN BAXTER CORPORATION,
85696,vial,50,mL,Y,N,2371839,UROMITEXAN BAXTER CORPORATION,
68601,vial,10,mL,Y,N,2244614,MITOXANTRONE INJECTION USP PFIZER CANADA INC,
68601,vial,12.5,mL,Y,N,2244614,MITOXANTRONE INJECTION USP PFIZER CANADA INC,
68601,vial,15,mL,Y,N,2244614,MITOXANTRONE INJECTION USP PFIZER CANADA INC,
